file_name,date_time
IMG_5457.JPG,2013:07:27 20:07:08
IMG_5460.JPG,2013:07:28 09:34:27
IMG_5461.JPG,2013:07:29 01:55:50
IMG_5464.JPG,2013:07:29 01:58:11
IMG_5465.JPG,2013:07:29 02:20:45
IMG_5467.JPG,2013:07:29 02:22:28
IMG_5469.JPG,2013:07:29 02:26:44
IMG_5474.JPG,2013:07:29 02:59:51
IMG_5480.JPG,2013:07:29 03:05:52
IMG_5483.JPG,2013:07:29 03:14:26
IMG_5485.JPG,2013:07:29 13:34:43
IMG_5486.JPG,2013:07:29 14:00:37
IMG_5492.JPG,2013:07:29 14:45:25
IMG_5498.JPG,2013:07:29 15:11:08
IMG_5505.JPG,2013:07:29 15:12:26
IMG_5508.JPG,2013:07:29 15:15:02
IMG_5519.JPG,2013:07:29 15:22:04
IMG_5534.JPG,2013:07:29 15:33:45
IMG_5608.JPG,2013:07:29 16:29:14
IMG_5610.JPG,2013:07:29 16:30:26
IMG_5616.JPG,2013:07:29 16:31:43
IMG_5623.JPG,2013:07:29 16:46:52
IMG_5625.JPG,2013:07:29 16:50:31
IMG_5627.JPG,2013:07:29 16:52:07
IMG_5628.JPG,2013:07:29 16:53:38
IMG_5629.JPG,2013:07:29 16:55:30
IMG_5631.JPG,2013:07:29 16:58:37
IMG_5632.JPG,2013:07:29 17:03:16
IMG_5633.JPG,2013:07:29 17:03:21
IMG_5635.JPG,2013:07:29 17:03:50
IMG_5637.JPG,2013:07:29 17:07:32
IMG_5639.JPG,2013:07:29 17:16:33
IMG_5640.JPG,2013:07:29 17:20:52
IMG_5641.JPG,2013:07:29 17:21:17
IMG_5643.JPG,2013:07:29 17:43:24
IMG_5644.JPG,2013:07:29 17:43:50
IMG_5646.JPG,2013:07:29 17:59:52
IMG_5648.JPG,2013:07:29 18:01:15
IMG_5655.JPG,2013:07:29 18:20:09
IMG_5675.JPG,2013:07:29 19:51:22
IMG_5676.JPG,2013:07:29 20:05:39
IMG_5677.JPG,2013:07:29 20:06:26
IMG_5679.JPG,2013:07:29 20:27:08
IMG_5680.JPG,2013:07:29 20:36:33
IMG_5687.JPG,2013:07:29 21:52:22
IMG_5688.JPG,2013:07:29 21:52:43
IMG_5689.JPG,2013:07:29 21:53:27
IMG_5690.JPG,2013:07:29 22:03:11
IMG_5691.JPG,2013:07:29 22:04:43
IMG_5694.JPG,2013:07:29 22:12:24
IMG_5696.JPG,2013:07:29 22:12:30
IMG_5697.JPG,2013:07:29 22:17:40
IMG_5699.JPG,2013:07:29 22:18:06
IMG_5700.JPG,2013:07:29 22:18:50
IMG_5704.JPG,2013:07:29 22:38:37
IMG_5705.JPG,2013:07:29 22:40:25
IMG_5706.JPG,2013:07:29 22:52:14
IMG_5719.JPG,2013:07:29 23:03:05
IMG_5722.JPG,2013:07:29 23:34:35
IMG_5726.JPG,2013:07:29 23:36:14
IMG_5727.JPG,2013:07:29 23:41:32
IMG_5731.JPG,2013:07:29 23:48:34
IMG_5732.JPG,2013:07:30 00:36:29
IMG_5733.JPG,2013:07:30 01:08:02
IMG_5782.JPG,2013:07:30 01:52:17
IMG_5789.JPG,2013:07:30 02:11:03
IMG_5791.JPG,2013:07:30 02:11:34
IMG_5793.JPG,2013:07:30 03:51:02
IMG_5794.JPG,2013:07:30 03:57:56
IMG_5797.JPG,2013:07:30 04:02:41
IMG_5800.JPG,2013:07:30 04:03:41
IMG_5801.JPG,2013:07:30 04:05:36
IMG_5803.JPG,2013:07:30 04:06:08
IMG_5804.JPG,2013:07:30 04:06:47
IMG_5808.JPG,2013:07:30 14:04:06
IMG_5809.JPG,2013:07:30 14:06:03
IMG_5810.JPG,2013:07:30 14:06:31
IMG_5811.JPG,2013:07:30 14:06:35
IMG_5812.JPG,2013:07:30 14:08:13
IMG_5813.JPG,2013:07:30 14:10:49
IMG_5814.JPG,2013:07:30 14:31:47
IMG_5815.JPG,2013:07:30 14:32:06
IMG_5816.JPG,2013:07:30 14:32:31
IMG_5817.JPG,2013:07:30 14:32:47
IMG_5818.JPG,2013:07:30 14:33:08
IMG_5819.JPG,2013:07:30 14:33:29
IMG_5820.JPG,2013:07:30 14:33:33
IMG_5821.JPG,2013:07:30 14:34:08
IMG_5822.JPG,2013:07:30 14:34:33
IMG_5823.JPG,2013:07:30 14:34:42
IMG_5824.JPG,2013:07:30 14:34:56
IMG_5825.JPG,2013:07:30 14:35:25
IMG_5827.JPG,2013:07:30 14:36:33
IMG_5828.JPG,2013:07:30 14:36:35
IMG_5829.JPG,2013:07:30 15:12:15
IMG_5830.JPG,2013:07:30 15:12:16
IMG_5831.JPG,2013:07:30 15:17:05
IMG_5832.JPG,2013:07:30 17:05:50
IMG_5833.JPG,2013:07:30 17:18:42
IMG_5834.JPG,2013:07:30 17:28:27
IMG_5836.JPG,2013:07:30 17:59:30
IMG_5837.JPG,2013:07:30 17:59:38
IMG_5838.JPG,2013:07:30 18:00:05
IMG_5839.JPG,2013:07:30 18:00:57
IMG_5840.JPG,2013:07:30 18:10:31
IMG_5841.JPG,2013:07:30 18:16:43
IMG_5842.JPG,2013:07:30 18:16:58
IMG_5843.JPG,2013:07:30 18:17:41
IMG_5844.JPG,2013:07:30 18:22:33
IMG_5845.JPG,2013:07:30 18:22:47
IMG_5846.JPG,2013:07:30 18:22:51
IMG_5847.JPG,2013:07:30 18:24:39
IMG_5849.JPG,2013:07:30 18:26:22
IMG_5850.JPG,2013:07:30 18:38:30
IMG_5851.JPG,2013:07:30 19:00:35
IMG_5852.JPG,2013:07:30 19:00:41
IMG_5853.JPG,2013:07:30 19:01:10
IMG_5854.JPG,2013:07:30 19:01:17
IMG_5855.JPG,2013:07:30 19:03:26
IMG_5856.JPG,2013:07:30 19:25:30
IMG_5857.JPG,2013:07:30 19:54:54
IMG_5858.JPG,2013:07:30 19:55:37
IMG_5859.JPG,2013:07:30 19:59:54
IMG_5860.JPG,2013:07:30 20:06:07
IMG_5861.JPG,2013:07:30 20:10:18
IMG_5862.JPG,2013:07:30 20:10:31
IMG_5863.JPG,2013:07:30 20:10:44
IMG_5864.JPG,2013:07:30 20:13:10
IMG_5865.JPG,2013:07:30 20:14:09
IMG_5866.JPG,2013:07:30 20:15:18
IMG_5867.JPG,2013:07:30 20:15:26
IMG_5868.JPG,2013:07:30 20:19:55
IMG_5869.JPG,2013:07:30 20:20:04
IMG_5870.JPG,2013:07:30 20:21:55
IMG_5871.JPG,2013:07:30 20:22:12
IMG_5872.JPG,2013:07:30 20:22:41
IMG_5873.JPG,2013:07:30 20:24:42
IMG_5874.JPG,2013:07:30 20:24:54
IMG_5875.JPG,2013:07:30 20:25:33
IMG_5876.JPG,2013:07:30 20:27:36
IMG_5877.JPG,2013:07:30 20:29:28
IMG_5878.JPG,2013:07:30 20:33:13
IMG_5879.JPG,2013:07:30 20:33:14
IMG_5880.JPG,2013:07:30 20:33:26
IMG_5881.JPG,2013:07:30 20:39:13
IMG_5882.JPG,2013:07:30 20:39:34
IMG_5883.JPG,2013:07:30 20:41:35
IMG_5884.JPG,2013:07:30 20:42:38
IMG_5885.JPG,2013:07:30 20:44:06
IMG_5886.JPG,2013:07:30 20:46:45
IMG_5887.JPG,2013:07:30 20:47:42
IMG_5888.JPG,2013:07:30 20:50:29
IMG_5889.JPG,2013:07:30 20:50:45
IMG_5890.JPG,2013:07:30 20:52:03
IMG_5891.JPG,2013:07:30 20:52:15
IMG_5892.JPG,2013:07:30 20:59:56
IMG_5893.JPG,2013:07:30 21:01:00
IMG_5894.JPG,2013:07:30 21:01:52
IMG_5895.JPG,2013:07:30 21:13:42
IMG_5896.JPG,2013:07:30 21:17:05
IMG_5897.JPG,2013:07:30 21:19:15
IMG_5898.JPG,2013:07:30 21:19:46
IMG_5900.JPG,2013:07:30 21:24:11
IMG_5901.JPG,2013:07:30 21:26:26
IMG_5902.JPG,2013:07:30 21:26:40
IMG_5908.JPG,2013:07:30 21:36:48
IMG_5909.JPG,2013:07:30 21:37:05
IMG_5910.JPG,2013:07:30 21:37:28
IMG_5911.JPG,2013:07:30 21:37:54
IMG_5912.JPG,2013:07:30 21:38:25
IMG_5913.JPG,2013:07:30 21:39:09
IMG_5914.JPG,2013:07:30 21:39:36
IMG_5915.JPG,2013:07:30 21:39:56
IMG_5916.JPG,2013:07:30 21:42:30
IMG_5917.JPG,2013:07:30 21:42:34
IMG_5918.JPG,2013:07:30 21:43:30
IMG_5920.JPG,2013:07:30 21:45:07
IMG_5921.JPG,2013:07:30 21:46:35
IMG_5922.JPG,2013:07:30 21:46:37
IMG_5923.JPG,2013:07:30 21:50:37
IMG_5924.JPG,2013:07:30 21:51:45
IMG_5925.JPG,2013:07:30 21:51:53
IMG_5927.JPG,2013:07:30 21:53:10
IMG_5928.JPG,2013:07:30 21:53:33
IMG_5929.JPG,2013:07:30 21:54:02
IMG_5930.JPG,2013:07:30 22:01:47
IMG_5931.JPG,2013:07:30 22:01:52
IMG_5932.JPG,2013:07:30 22:03:48
IMG_5934.JPG,2013:07:31 01:13:21
IMG_5935.JPG,2013:07:31 02:30:03
IMG_5936.JPG,2013:07:31 02:34:44
IMG_5937.JPG,2013:07:31 02:35:59
IMG_5938.JPG,2013:07:31 02:36:20
IMG_5939.JPG,2013:07:31 02:36:21
IMG_5940.JPG,2013:07:31 02:37:35
IMG_5941.JPG,2013:07:31 02:38:34
IMG_5942.JPG,2013:07:31 02:39:27
IMG_5943.JPG,2013:07:31 02:39:56
IMG_5944.JPG,2013:07:31 02:40:00
IMG_5945.JPG,2013:07:31 02:40:24
IMG_5946.JPG,2013:07:31 02:40:39
IMG_5947.JPG,2013:07:31 02:40:42
IMG_5948.JPG,2013:07:31 02:40:46
IMG_5949.JPG,2013:07:31 02:40:49
IMG_5950.JPG,2013:07:31 02:41:24
IMG_5951.JPG,2013:07:31 02:42:14
IMG_5952.JPG,2013:07:31 02:42:49
IMG_5953.JPG,2013:07:31 02:43:43
IMG_5954.JPG,2013:07:31 02:44:17
IMG_5955.JPG,2013:07:31 02:44:22
IMG_5956.JPG,2013:07:31 02:44:26
IMG_5957.JPG,2013:07:31 02:45:31
IMG_5958.JPG,2013:07:31 02:46:07
IMG_5959.JPG,2013:07:31 02:46:17
IMG_5960.JPG,2013:07:31 02:46:27
IMG_5961.JPG,2013:07:31 02:46:31
IMG_5962.JPG,2013:07:31 02:47:50
IMG_5963.JPG,2013:07:31 02:49:17
IMG_5964.JPG,2013:07:31 02:49:34
IMG_5967.JPG,2013:07:31 02:52:08
IMG_5968.JPG,2013:07:31 02:52:09
IMG_5969.JPG,2013:07:31 02:56:54
IMG_5970.JPG,2013:07:31 02:57:26
IMG_5971.JPG,2013:07:31 02:57:51
IMG_5972.JPG,2013:07:31 03:00:03
IMG_5973.JPG,2013:07:31 03:13:10
IMG_5975.JPG,2013:07:31 13:21:59
IMG_5976.JPG,2013:07:31 13:42:42
IMG_5977.JPG,2013:07:31 13:42:46
IMG_5978.JPG,2013:07:31 13:42:55
IMG_5979.JPG,2013:07:31 13:42:57
IMG_5980.JPG,2013:07:31 13:53:49
IMG_5981.JPG,2013:07:31 13:53:51
IMG_5983.JPG,2013:07:31 15:02:05
IMG_5984.JPG,2013:07:31 15:02:08
IMG_5985.JPG,2013:07:31 15:02:22
IMG_5986.JPG,2013:07:31 15:03:32
IMG_5987.JPG,2013:07:31 15:03:54
IMG_5988.JPG,2013:07:31 15:14:55
IMG_5989.JPG,2013:07:31 15:15:02
IMG_5990.JPG,2013:07:31 15:16:51
IMG_5991.JPG,2013:07:31 15:16:56
IMG_5992.JPG,2013:07:31 15:17:55
IMG_5993.JPG,2013:07:31 15:18:25
IMG_5994.JPG,2013:07:31 15:18:34
IMG_5995.JPG,2013:07:31 15:18:45
IMG_5996.JPG,2013:07:31 15:19:05
IMG_5997.JPG,2013:07:31 15:19:57
IMG_5998.JPG,2013:07:31 15:23:32
IMG_5999.JPG,2013:07:31 15:23:50
IMG_6000.JPG,2013:07:31 15:26:46
IMG_6001.JPG,2013:07:31 15:28:09
IMG_6002.JPG,2013:07:31 15:29:02
IMG_6003.JPG,2013:07:31 15:36:22
IMG_6004.JPG,2013:07:31 15:37:38
IMG_6005.JPG,2013:07:31 15:37:49
IMG_6006.JPG,2013:07:31 15:39:18
IMG_6007.JPG,2013:07:31 15:40:09
IMG_6008.JPG,2013:07:31 15:40:36
IMG_6009.JPG,2013:07:31 15:41:07
IMG_6010.JPG,2013:07:31 15:41:10
IMG_6011.JPG,2013:07:31 15:44:32
IMG_6012.JPG,2013:07:31 15:44:50
IMG_6013.JPG,2013:07:31 15:45:28
IMG_6014.JPG,2013:07:31 15:45:53
IMG_6015.JPG,2013:07:31 15:47:58
IMG_6016.JPG,2013:07:31 15:48:23
IMG_6017.JPG,2013:07:31 15:56:44
IMG_6018.JPG,2013:07:31 16:06:47
IMG_6019.JPG,2013:07:31 16:07:01
IMG_6020.JPG,2013:07:31 16:07:43
IMG_6021.JPG,2013:07:31 16:08:44
IMG_6022.JPG,2013:07:31 16:08:46
IMG_6023.JPG,2013:07:31 16:08:48
IMG_6024.JPG,2013:07:31 16:09:31
IMG_6025.JPG,2013:07:31 16:17:01
IMG_6026.JPG,2013:07:31 16:17:02
IMG_6027.JPG,2013:07:31 16:21:30
IMG_6028.JPG,2013:07:31 16:22:37
IMG_6029.JPG,2013:07:31 16:22:55
IMG_6030.JPG,2013:07:31 16:28:48
IMG_6031.JPG,2013:07:31 16:29:24
IMG_6032.JPG,2013:07:31 16:29:52
IMG_6033.JPG,2013:07:31 16:31:25
IMG_6035.JPG,2013:07:31 17:07:24
IMG_6036.JPG,2013:07:31 17:07:26
IMG_6038.JPG,2013:07:31 17:18:23
IMG_6039.JPG,2013:07:31 17:26:59
IMG_6042.JPG,2013:07:31 17:29:38
IMG_6043.JPG,2013:07:31 17:29:57
IMG_6044.JPG,2013:07:31 17:30:07
IMG_6045.JPG,2013:07:31 17:40:21
IMG_6046.JPG,2013:07:31 18:10:55
IMG_6047.JPG,2013:07:31 18:51:47
IMG_6048.JPG,2013:07:31 18:51:49
IMG_6049.JPG,2013:07:31 19:04:14
IMG_6050.JPG,2013:07:31 19:09:55
IMG_6052.JPG,2013:07:31 19:15:55
IMG_6053.JPG,2013:07:31 19:19:47
IMG_6054.JPG,2013:07:31 19:20:05
IMG_6055.JPG,2013:07:31 19:20:32
IMG_6056.JPG,2013:07:31 19:24:11
IMG_6057.JPG,2013:07:31 19:24:22
IMG_6058.JPG,2013:07:31 19:30:10
IMG_6059.JPG,2013:07:31 19:30:57
IMG_6060.JPG,2013:07:31 19:31:56
IMG_6061.JPG,2013:07:31 19:33:35
IMG_6062.JPG,2013:07:31 19:33:47
IMG_6063.JPG,2013:07:31 19:34:57
IMG_6064.JPG,2013:07:31 19:36:01
IMG_6065.JPG,2013:07:31 19:36:18
IMG_6066.JPG,2013:07:31 19:36:35
IMG_6067.JPG,2013:07:31 19:37:46
IMG_6068.JPG,2013:07:31 19:38:12
IMG_6069.JPG,2013:07:31 19:38:17
IMG_6070.JPG,2013:07:31 19:39:12
IMG_6072.JPG,2013:07:31 19:39:55
IMG_6073.JPG,2013:07:31 19:55:13
IMG_6074.JPG,2013:07:31 19:55:17
IMG_6075.JPG,2013:07:31 19:56:36
IMG_6076.JPG,2013:07:31 19:58:21
IMG_6077.JPG,2013:07:31 20:02:13
IMG_6078.JPG,2013:07:31 20:04:57
IMG_6079.JPG,2013:07:31 20:06:09
IMG_6080.JPG,2013:07:31 20:07:02
IMG_6081.JPG,2013:07:31 20:08:08
IMG_6082.JPG,2013:07:31 20:09:09
IMG_6083.JPG,2013:07:31 20:09:15
IMG_6084.JPG,2013:07:31 20:09:25
IMG_6085.JPG,2013:07:31 20:13:01
IMG_6086.JPG,2013:07:31 20:15:10
IMG_6087.JPG,2013:07:31 20:15:51
IMG_6088.JPG,2013:07:31 20:16:10
IMG_6089.JPG,2013:07:31 20:27:41
IMG_6090.JPG,2013:07:31 20:29:19
IMG_6091.JPG,2013:07:31 20:30:37
IMG_6092.JPG,2013:07:31 20:31:02
IMG_6093.JPG,2013:07:31 20:36:49
IMG_6094.JPG,2013:07:31 20:43:48
IMG_6095.JPG,2013:07:31 20:45:48
IMG_6096.JPG,2013:07:31 20:45:54
IMG_6097.JPG,2013:07:31 20:47:55
IMG_6098.JPG,2013:07:31 20:56:05
IMG_6099.JPG,2013:07:31 20:58:04
IMG_6100.JPG,2013:07:31 20:58:45
IMG_6101.JPG,2013:07:31 20:59:17
IMG_6102.JPG,2013:07:31 20:59:40
IMG_6103.JPG,2013:07:31 21:00:09
IMG_6104.JPG,2013:07:31 21:00:20
IMG_6105.JPG,2013:07:31 21:01:06
IMG_6106.JPG,2013:07:31 21:03:27
IMG_6107.JPG,2013:07:31 21:04:14
IMG_6108.JPG,2013:07:31 21:05:32
IMG_6109.JPG,2013:07:31 21:36:53
IMG_6110.JPG,2013:07:31 21:51:25
IMG_6111.JPG,2013:07:31 21:52:03
IMG_6112.JPG,2013:07:31 21:52:33
IMG_6113.JPG,2013:07:31 22:23:15
IMG_6114.JPG,2013:07:31 22:24:08
IMG_6115.JPG,2013:07:31 22:26:29
IMG_6116.JPG,2013:07:31 23:13:58
IMG_6117.JPG,2013:07:31 23:14:46
IMG_6118.JPG,2013:07:31 23:17:22
IMG_6119.JPG,2013:07:31 23:17:57
IMG_6120.JPG,2013:07:31 23:19:00
IMG_6121.JPG,2013:07:31 23:19:49
IMG_6124.JPG,2013:08:01 15:30:49
IMG_6125.JPG,2013:08:01 15:31:36
IMG_6127.JPG,2013:08:01 15:33:12
IMG_6128.JPG,2013:08:01 15:33:29
IMG_6129.JPG,2013:08:01 15:34:30
IMG_6130.JPG,2013:08:01 15:35:01
IMG_6132.JPG,2013:08:01 15:38:24
IMG_6133.JPG,2013:08:01 15:43:52
IMG_6134.JPG,2013:08:01 15:54:36
IMG_6135.JPG,2013:08:01 16:18:25
IMG_6136.JPG,2013:08:01 16:19:45
IMG_6137.JPG,2013:08:01 16:20:58
IMG_6138.JPG,2013:08:01 16:26:14
IMG_6141.JPG,2013:08:01 16:34:24
IMG_6142.JPG,2013:08:01 16:34:29
IMG_6143.JPG,2013:08:01 16:36:21
IMG_6144.JPG,2013:08:01 16:39:33
IMG_6145.JPG,2013:08:01 16:45:51
IMG_6146.JPG,2013:08:01 16:45:57
IMG_6147.JPG,2013:08:01 16:46:08
IMG_6148.JPG,2013:08:01 16:46:11
IMG_6149.JPG,2013:08:01 16:46:58
IMG_6150.JPG,2013:08:01 16:48:00
IMG_6151.JPG,2013:08:01 16:48:16
IMG_6152.JPG,2013:08:01 16:48:27
IMG_6153.JPG,2013:08:01 17:00:32
IMG_6155.JPG,2013:08:01 17:04:08
IMG_6156.JPG,2013:08:01 17:07:07
IMG_6157.JPG,2013:08:01 17:08:57
IMG_6158.JPG,2013:08:01 17:10:38
IMG_6159.JPG,2013:08:01 17:12:35
IMG_6160.JPG,2013:08:01 17:12:51
IMG_6161.JPG,2013:08:01 17:14:00
IMG_6162.JPG,2013:08:01 17:16:00
IMG_6163.JPG,2013:08:01 17:16:08
IMG_6164.JPG,2013:08:01 17:20:50
IMG_6165.JPG,2013:08:01 17:22:14
IMG_6166.JPG,2013:08:01 17:22:49
IMG_6167.JPG,2013:08:01 17:23:01
IMG_6168.JPG,2013:08:01 17:23:08
IMG_6169.JPG,2013:08:01 17:26:15
IMG_6170.JPG,2013:08:01 17:26:16
IMG_6171.JPG,2013:08:01 17:27:57
IMG_6174.JPG,2013:08:01 17:29:17
IMG_6175.JPG,2013:08:01 17:30:54
IMG_6176.JPG,2013:08:01 17:31:04
IMG_6177.JPG,2013:08:01 17:31:08
IMG_6178.JPG,2013:08:01 17:33:37
IMG_6179.JPG,2013:08:01 17:33:51
IMG_6180.JPG,2013:08:01 17:34:41
IMG_6181.JPG,2013:08:01 18:01:33
IMG_6182.JPG,2013:08:01 18:01:54
IMG_6183.JPG,2013:08:01 18:08:02
IMG_6184.JPG,2013:08:01 18:08:04
IMG_6185.JPG,2013:08:01 22:37:10
IMG_6186.JPG,2013:08:01 23:19:42
IMG_6187.JPG,2013:08:02 00:44:56
IMG_6188.JPG,2013:08:02 00:45:03
IMG_6189.JPG,2013:08:02 00:47:10
IMG_6191.JPG,2013:08:02 01:39:39
IMG_6193.JPG,2013:08:02 01:40:01
IMG_6194.JPG,2013:08:02 01:40:13
IMG_6195.JPG,2013:08:02 01:40:42
IMG_6196.JPG,2013:08:02 01:40:55
IMG_6197.JPG,2013:08:02 01:41:07
IMG_6198.JPG,2013:08:02 01:41:13
IMG_6199.JPG,2013:08:02 01:41:24
IMG_6200.JPG,2013:08:02 01:41:32
IMG_6201.JPG,2013:08:02 01:46:12
IMG_6202.JPG,2013:08:02 01:47:18
IMG_6204.JPG,2013:08:02 01:54:23
IMG_6207.JPG,2013:08:02 01:55:13
IMG_6209.JPG,2013:08:02 01:55:52
IMG_6210.JPG,2013:08:02 02:01:49
IMG_6213.JPG,2013:08:02 02:02:33
IMG_6214.JPG,2013:08:02 16:17:33
IMG_6215.JPG,2013:08:02 16:17:39
IMG_6216.JPG,2013:08:02 16:33:28
IMG_6217.JPG,2013:08:02 16:43:56
IMG_6220.JPG,2013:08:02 16:49:35
IMG_6224.JPG,2013:08:02 16:51:13
IMG_6225.JPG,2013:08:02 16:51:32
IMG_6226.JPG,2013:08:02 16:51:33
IMG_6228.JPG,2013:08:02 16:51:40
IMG_6229.JPG,2013:08:02 16:51:51
IMG_6230.JPG,2013:08:02 16:51:52
IMG_6231.JPG,2013:08:02 16:51:53
IMG_6232.JPG,2013:08:02 16:51:55
IMG_6233.JPG,2013:08:02 17:14:29
IMG_6234.JPG,2013:08:02 17:14:37
IMG_6235.JPG,2013:08:02 17:22:42
IMG_6236.JPG,2013:08:02 17:23:01
IMG_6238.JPG,2013:08:02 17:27:50
IMG_6239.JPG,2013:08:02 17:44:22
IMG_6241.JPG,2013:08:02 18:10:23
IMG_6242.JPG,2013:08:02 18:55:07
IMG_6244.JPG,2013:08:02 19:01:33
IMG_6245.JPG,2013:08:02 19:01:34
IMG_6246.JPG,2013:08:02 21:30:40
IMG_6247.JPG,2013:08:02 21:31:58
IMG_6248.JPG,2013:08:02 21:31:59
IMG_6249.JPG,2013:08:02 21:32:58
IMG_6250.JPG,2013:08:02 21:33:21
IMG_6251.JPG,2013:08:02 21:34:48
IMG_6256.JPG,2013:08:02 22:45:07
IMG_6257.JPG,2013:08:02 22:50:49
IMG_6258.JPG,2013:08:02 22:51:02
IMG_6259.JPG,2013:08:02 22:51:53
IMG_6262.JPG,2013:08:02 22:53:16
IMG_6264.JPG,2013:08:02 22:56:16
IMG_6267.JPG,2013:08:02 23:05:46
IMG_6268.JPG,2013:08:02 23:06:28
IMG_6269.JPG,2013:08:02 23:07:40
IMG_6270.JPG,2013:08:02 23:08:27
IMG_6271.JPG,2013:08:02 23:08:40
IMG_6272.JPG,2013:08:02 23:08:52
IMG_6273.JPG,2013:08:02 23:15:50
IMG_6274.JPG,2013:08:02 23:16:23
IMG_6275.JPG,2013:08:02 23:16:47
IMG_6276.JPG,2013:08:02 23:17:33
IMG_6277.JPG,2013:08:02 23:18:50
IMG_6278.JPG,2013:08:02 23:19:29
IMG_6279.JPG,2013:08:02 23:19:58
IMG_6280.JPG,2013:08:02 23:21:28
IMG_6281.JPG,2013:08:02 23:22:02
IMG_6282.JPG,2013:08:02 23:35:42
IMG_6283.JPG,2013:08:02 23:36:56
IMG_6284.JPG,2013:08:02 23:37:07
IMG_6285.JPG,2013:08:02 23:38:45
IMG_6286.JPG,2013:08:02 23:39:07
IMG_6287.JPG,2013:08:02 23:39:41
IMG_6288.JPG,2013:08:02 23:40:16
IMG_6289.JPG,2013:08:02 23:40:34
IMG_6290.JPG,2013:08:02 23:41:03
IMG_6291.JPG,2013:08:02 23:41:25
IMG_6292.JPG,2013:08:02 23:43:12
IMG_6293.JPG,2013:08:02 23:44:31
IMG_6294.JPG,2013:08:02 23:44:45
IMG_6295.JPG,2013:08:02 23:45:53
IMG_6296.JPG,2013:08:02 23:47:30
IMG_6297.JPG,2013:08:02 23:48:22
IMG_6299.JPG,2013:08:03 00:01:25
IMG_6300.JPG,2013:08:03 00:01:46
IMG_6302.JPG,2013:08:03 00:02:07
IMG_6303.JPG,2013:08:03 00:03:25
IMG_6304.JPG,2013:08:03 00:04:15
IMG_6305.JPG,2013:08:03 00:04:46
IMG_6306.JPG,2013:08:03 00:05:06
IMG_6307.JPG,2013:08:03 00:06:12
IMG_6310.JPG,2013:08:03 01:00:59
IMG_6314.JPG,2013:08:03 01:29:39
IMG_6315.JPG,2013:08:03 01:29:42
IMG_6321.JPG,2013:08:03 03:06:24
IMG_6322.JPG,2013:08:03 12:49:44
IMG_6326.JPG,2013:08:03 12:55:45
IMG_6330.JPG,2013:08:03 13:54:31
IMG_6331.JPG,2013:08:03 13:55:07
IMG_6333.JPG,2013:08:03 14:06:07
IMG_6334.JPG,2013:08:03 14:07:06
IMG_6335.JPG,2013:08:03 16:04:47
IMG_6337.JPG,2013:08:03 17:16:50
IMG_6338.JPG,2013:08:03 17:16:54
IMG_6339.JPG,2013:08:03 17:26:23
IMG_6342.JPG,2013:08:03 17:53:41
IMG_6343.JPG,2013:08:03 17:59:23
IMG_6344.JPG,2013:08:03 18:05:53
IMG_6348.JPG,2013:08:03 18:16:33
IMG_6349.JPG,2013:08:03 18:28:20
IMG_6350.JPG,2013:08:03 18:28:40
IMG_6351.JPG,2013:08:03 18:29:44
IMG_6352.JPG,2013:08:03 18:35:10
IMG_6355.JPG,2013:08:03 18:40:05
IMG_6359.JPG,2013:08:03 18:40:57
IMG_6360.JPG,2013:08:03 18:43:11
IMG_6363.JPG,2013:08:03 18:58:52
IMG_6365.JPG,2013:08:03 18:58:56
IMG_6366.JPG,2013:08:03 19:29:34
IMG_6367.JPG,2013:08:03 19:29:52
IMG_6368.JPG,2013:08:03 19:42:31
IMG_6369.JPG,2013:08:03 20:00:01
IMG_6370.JPG,2013:08:03 20:26:06
IMG_6371.JPG,2013:08:03 20:26:15
IMG_6372.JPG,2013:08:03 20:26:47
IMG_6373.JPG,2013:08:03 20:26:58
IMG_6374.JPG,2013:08:03 20:30:15
IMG_6375.JPG,2013:08:03 20:30:22
IMG_6376.JPG,2013:08:03 20:30:46
IMG_6377.JPG,2013:08:03 20:30:55
IMG_6378.JPG,2013:08:03 20:31:33
IMG_6379.JPG,2013:08:03 20:31:46
IMG_6380.JPG,2013:08:03 20:32:04
IMG_6381.JPG,2013:08:03 20:34:30
IMG_6382.JPG,2013:08:03 20:35:01
IMG_6383.JPG,2013:08:03 20:35:12
IMG_6384.JPG,2013:08:03 20:39:10
IMG_6385.JPG,2013:08:03 20:39:11
IMG_6386.JPG,2013:08:03 20:40:17
IMG_6387.JPG,2013:08:03 20:40:24
IMG_6388.JPG,2013:08:03 20:43:36
IMG_6389.JPG,2013:08:03 20:55:11
IMG_6390.JPG,2013:08:03 20:56:05
IMG_6391.JPG,2013:08:03 21:00:26
IMG_6392.JPG,2013:08:03 21:00:48
IMG_6393.JPG,2013:08:03 21:01:03
IMG_6394.JPG,2013:08:03 21:01:04
IMG_6395.JPG,2013:08:03 21:01:10
IMG_6396.JPG,2013:08:03 21:01:23
IMG_6397.JPG,2013:08:03 21:01:36
IMG_6398.JPG,2013:08:03 21:01:40
IMG_6399.JPG,2013:08:03 21:01:55
IMG_6400.JPG,2013:08:03 21:02:19
IMG_6401.JPG,2013:08:03 21:02:32
IMG_6402.JPG,2013:08:03 21:02:35
IMG_6403.JPG,2013:08:03 21:02:35
IMG_6405.JPG,2013:08:03 21:02:51
IMG_6406.JPG,2013:08:03 21:03:58
IMG_6407.JPG,2013:08:03 21:04:00
IMG_6408.JPG,2013:08:03 21:04:16
IMG_6409.JPG,2013:08:03 21:04:23
IMG_6410.JPG,2013:08:03 21:04:48
IMG_6411.JPG,2013:08:03 21:05:16
IMG_6412.JPG,2013:08:03 21:05:29
IMG_6413.JPG,2013:08:03 21:05:38
IMG_6414.JPG,2013:08:03 21:05:38
IMG_6415.JPG,2013:08:03 21:05:55
IMG_6416.JPG,2013:08:03 21:06:02
IMG_6417.JPG,2013:08:03 21:06:03
IMG_6418.JPG,2013:08:03 21:06:07
IMG_6419.JPG,2013:08:03 21:06:18
IMG_6420.JPG,2013:08:03 21:06:25
IMG_6421.JPG,2013:08:03 21:06:25
IMG_6422.JPG,2013:08:03 21:12:03
IMG_6423.JPG,2013:08:03 21:12:03
IMG_6424.JPG,2013:08:03 21:12:11
IMG_6425.JPG,2013:08:03 21:12:32
IMG_6426.JPG,2013:08:03 21:12:33
IMG_6427.JPG,2013:08:03 21:12:46
IMG_6429.JPG,2013:08:03 21:13:53
IMG_6430.JPG,2013:08:03 21:14:09
IMG_6431.JPG,2013:08:03 21:16:13
IMG_6432.JPG,2013:08:03 21:16:17
IMG_6434.JPG,2013:08:03 21:17:23
IMG_6435.JPG,2013:08:03 21:17:29
IMG_6437.JPG,2013:08:03 21:17:33
IMG_6438.JPG,2013:08:03 21:17:37
IMG_6439.JPG,2013:08:03 21:21:57
IMG_6440.JPG,2013:08:04 17:25:53
IMG_6441.JPG,2013:08:04 17:25:54
IMG_6442.JPG,2013:08:04 17:26:43
IMG_6445.JPG,2013:08:04 17:40:47
IMG_6447.JPG,2013:08:04 18:17:25
IMG_6448.JPG,2013:08:04 18:17:39
IMG_6449.JPG,2013:08:04 18:18:06
IMG_6450.JPG,2013:08:04 18:19:09
IMG_6456.JPG,2013:08:04 18:25:12
IMG_6458.JPG,2013:08:04 19:34:58
IMG_6470.JPG,2013:08:04 20:58:47
IMG_6471.JPG,2013:08:04 20:59:01
IMG_6472.JPG,2013:08:04 20:59:29
IMG_6474.JPG,2013:08:04 21:00:57
IMG_6475.JPG,2013:08:04 21:01:06
IMG_6480.JPG,2013:08:04 21:08:39
IMG_6481.JPG,2013:08:04 21:09:54
IMG_6483.JPG,2013:08:04 21:20:08
IMG_6484.JPG,2013:08:04 21:20:14
IMG_6485.JPG,2013:08:04 21:21:06
IMG_6486.JPG,2013:08:04 21:21:09
IMG_6489.JPG,2013:08:04 21:30:27
IMG_6490.JPG,2013:08:04 23:11:31
IMG_6491.JPG,2013:08:04 23:11:36
IMG_6492.JPG,2013:08:04 23:14:30
IMG_6493.JPG,2013:08:04 23:32:50
IMG_6494.JPG,2013:08:04 23:33:10
IMG_6495.JPG,2013:08:04 23:41:43
IMG_6496.JPG,2013:08:04 23:42:04
IMG_6497.JPG,2013:08:04 23:51:50
IMG_6498.JPG,2013:08:04 23:52:06
IMG_6499.JPG,2013:08:04 23:55:12
IMG_6500.JPG,2013:08:04 23:57:16
IMG_6501.JPG,2013:08:05 00:11:12
IMG_6502.JPG,2013:08:05 00:12:29
IMG_6503.JPG,2013:08:05 00:18:17
IMG_6504.JPG,2013:08:05 00:18:18
IMG_6505.JPG,2013:08:05 00:19:07
IMG_6506.JPG,2013:08:05 00:19:13
IMG_6507.JPG,2013:08:05 00:19:32
IMG_6508.JPG,2013:08:05 00:20:08
IMG_6509.JPG,2013:08:05 00:21:35
IMG_6510.JPG,2013:08:05 00:21:50
IMG_6511.JPG,2013:08:05 00:26:50
IMG_6512.JPG,2013:08:05 00:29:03
IMG_6513.JPG,2013:08:05 00:29:52
IMG_6514.JPG,2013:08:05 00:30:02
IMG_6515.JPG,2013:08:05 00:30:19
IMG_6516.JPG,2013:08:05 00:30:22
IMG_6517.JPG,2013:08:05 00:30:28
IMG_6518.JPG,2013:08:05 00:31:48
IMG_6521.JPG,2013:08:05 00:32:08
IMG_6522.JPG,2013:08:05 00:32:47
IMG_6524.JPG,2013:08:05 00:33:54
IMG_6525.JPG,2013:08:05 00:34:51
IMG_6526.JPG,2013:08:05 00:35:37
IMG_6527.JPG,2013:08:05 00:36:24
IMG_6529.JPG,2013:08:05 00:38:11
IMG_6530.JPG,2013:08:05 00:39:09
IMG_6532.JPG,2013:08:05 00:41:15
IMG_6533.JPG,2013:08:05 00:43:48
IMG_6534.JPG,2013:08:05 00:45:01
IMG_6535.JPG,2013:08:05 00:47:47
IMG_6536.JPG,2013:08:05 00:48:03
IMG_6537.JPG,2013:08:05 00:49:42
IMG_6538.JPG,2013:08:05 00:51:14
IMG_6539.JPG,2013:08:05 00:51:28
IMG_6543.JPG,2013:08:05 00:54:20
IMG_6545.JPG,2013:08:05 00:56:28
IMG_6546.JPG,2013:08:05 00:59:09
IMG_6547.JPG,2013:08:05 00:59:27
IMG_6548.JPG,2013:08:05 01:01:24
IMG_6549.JPG,2013:08:05 01:03:33
IMG_6550.JPG,2013:08:05 01:04:03
IMG_6551.JPG,2013:08:05 01:04:40
IMG_6552.JPG,2013:08:05 01:05:47
IMG_6553.JPG,2013:08:05 01:07:58
IMG_6555.JPG,2013:08:05 01:10:11
IMG_6556.JPG,2013:08:05 01:11:54
IMG_6557.JPG,2013:08:05 01:12:09
IMG_6558.JPG,2013:08:05 01:12:44
IMG_6560.JPG,2013:08:05 01:14:06
IMG_6562.JPG,2013:08:05 01:14:35
IMG_6563.JPG,2013:08:05 01:16:48
IMG_6566.JPG,2013:08:05 01:17:37
IMG_6567.JPG,2013:08:05 01:18:34
IMG_6568.JPG,2013:08:05 01:19:14
IMG_6570.JPG,2013:08:05 01:23:59
IMG_6571.JPG,2013:08:05 01:24:01
IMG_6572.JPG,2013:08:05 01:50:16
IMG_6573.JPG,2013:08:05 01:54:08
IMG_6575.JPG,2013:08:05 01:55:57
IMG_6577.JPG,2013:08:05 01:56:53
IMG_6578.JPG,2013:08:05 01:57:59
IMG_6579.JPG,2013:08:05 01:58:38
IMG_6580.JPG,2013:08:05 01:59:05
IMG_6581.JPG,2013:08:05 01:59:35
IMG_6583.JPG,2013:08:05 02:02:18
IMG_6584.JPG,2013:08:05 02:03:25
IMG_6587.JPG,2013:08:05 02:08:07
IMG_6588.JPG,2013:08:05 02:10:20
IMG_6589.JPG,2013:08:05 02:14:02
IMG_6590.JPG,2013:08:05 02:14:08
IMG_6591.JPG,2013:08:05 02:15:02
IMG_6592.JPG,2013:08:05 02:15:03
IMG_6593.JPG,2013:08:05 02:18:45
IMG_6594.JPG,2013:08:05 02:20:55
IMG_6595.JPG,2013:08:05 02:21:32
IMG_6596.JPG,2013:08:05 02:22:23
IMG_6598.JPG,2013:08:05 02:22:34
IMG_6600.JPG,2013:08:05 02:26:07
IMG_6601.JPG,2013:08:05 02:27:44
IMG_6602.JPG,2013:08:05 02:29:20
IMG_6603.JPG,2013:08:05 02:29:39
IMG_6604.JPG,2013:08:05 02:29:53
IMG_6605.JPG,2013:08:05 02:30:06
IMG_6606.JPG,2013:08:05 02:30:24
IMG_6607.JPG,2013:08:05 02:31:39
IMG_6609.JPG,2013:08:05 02:35:37
IMG_6610.JPG,2013:08:05 02:39:52
IMG_6611.JPG,2013:08:05 02:44:02
IMG_6612.JPG,2013:08:05 02:45:49
IMG_6613.JPG,2013:08:05 02:45:58
IMG_6614.JPG,2013:08:05 02:46:09
IMG_6615.JPG,2013:08:05 02:47:17
IMG_6616.JPG,2013:08:05 02:52:06
IMG_6622.JPG,2013:08:05 16:13:03
IMG_6623.JPG,2013:08:05 16:13:20
IMG_6625.JPG,2013:08:05 16:14:29
IMG_6627.JPG,2013:08:05 16:15:52
IMG_6628.JPG,2013:08:05 16:18:06
IMG_6629.JPG,2013:08:05 16:18:19
IMG_6630.JPG,2013:08:05 16:19:22
IMG_6631.JPG,2013:08:05 16:19:43
IMG_6632.JPG,2013:08:05 16:20:29
IMG_6633.JPG,2013:08:05 16:24:48
IMG_6634.JPG,2013:08:05 16:26:31
IMG_6635.JPG,2013:08:05 16:28:31
IMG_6636.JPG,2013:08:05 16:29:28
IMG_6637.JPG,2013:08:05 16:29:44
IMG_6638.JPG,2013:08:05 16:30:47
IMG_6639.JPG,2013:08:05 16:31:46
IMG_6640.JPG,2013:08:05 16:31:50
IMG_6641.JPG,2013:08:05 16:32:28
IMG_6642.JPG,2013:08:05 16:32:48
IMG_6643.JPG,2013:08:05 16:33:08
IMG_6644.JPG,2013:08:05 16:33:45
IMG_6645.JPG,2013:08:05 16:33:55
IMG_6646.JPG,2013:08:05 16:34:18
IMG_6647.JPG,2013:08:05 16:34:22
IMG_6648.JPG,2013:08:05 16:34:41
IMG_6649.JPG,2013:08:05 16:34:47
IMG_6650.JPG,2013:08:05 16:35:15
IMG_6651.JPG,2013:08:05 16:35:48
IMG_6652.JPG,2013:08:05 16:36:00
IMG_6653.JPG,2013:08:05 16:36:15
IMG_6654.JPG,2013:08:05 16:36:28
IMG_6655.JPG,2013:08:05 16:36:48
IMG_6656.JPG,2013:08:05 16:37:00
IMG_6657.JPG,2013:08:05 16:37:30
IMG_6658.JPG,2013:08:05 16:37:49
IMG_6659.JPG,2013:08:05 16:38:52
IMG_6660.JPG,2013:08:05 16:39:23
IMG_6661.JPG,2013:08:05 16:39:43
IMG_6662.JPG,2013:08:05 16:40:37
IMG_6663.JPG,2013:08:05 16:42:32
IMG_6666.JPG,2013:08:05 16:44:31
IMG_6667.JPG,2013:08:05 16:49:36
IMG_6668.JPG,2013:08:05 16:52:28
IMG_6669.JPG,2013:08:05 16:59:28
IMG_6670.JPG,2013:08:05 16:59:56
IMG_6671.JPG,2013:08:05 17:00:36
IMG_6672.JPG,2013:08:05 17:01:10
IMG_6673.JPG,2013:08:05 17:04:24
IMG_6674.JPG,2013:08:05 17:05:24
IMG_6675.JPG,2013:08:05 17:05:50
IMG_6677.JPG,2013:08:05 17:06:13
IMG_6679.JPG,2013:08:05 17:07:59
IMG_6680.JPG,2013:08:05 17:08:59
IMG_6682.JPG,2013:08:05 17:10:19
IMG_6683.JPG,2013:08:05 17:10:23
IMG_6685.JPG,2013:08:05 17:10:35
IMG_6686.JPG,2013:08:05 17:10:45
IMG_6687.JPG,2013:08:05 17:42:53
IMG_6688.JPG,2013:08:05 17:52:36
IMG_6689.JPG,2013:08:05 18:03:05
IMG_6690.JPG,2013:08:05 18:03:12
IMG_6691.JPG,2013:08:05 18:03:18
IMG_6692.JPG,2013:08:05 18:04:02
IMG_6693.JPG,2013:08:05 18:05:27
IMG_6694.JPG,2013:08:05 18:12:58
IMG_6695.JPG,2013:08:05 18:13:34
IMG_6696.JPG,2013:08:05 18:17:26
IMG_6697.JPG,2013:08:05 18:20:54
IMG_6699.JPG,2013:08:05 18:23:45
IMG_6700.JPG,2013:08:05 18:30:52
IMG_6701.JPG,2013:08:05 18:32:10
IMG_6702.JPG,2013:08:05 18:32:47
IMG_6704.JPG,2013:08:05 18:33:11
IMG_6705.JPG,2013:08:05 18:33:29
IMG_6706.JPG,2013:08:05 18:35:18
IMG_6707.JPG,2013:08:05 18:35:46
IMG_6708.JPG,2013:08:05 18:36:06
IMG_6709.JPG,2013:08:05 18:36:36
IMG_6711.JPG,2013:08:05 18:36:57
IMG_6712.JPG,2013:08:05 18:41:41
IMG_6713.JPG,2013:08:05 18:52:46
IMG_6714.JPG,2013:08:05 18:55:06
IMG_6715.JPG,2013:08:05 19:05:05
IMG_6716.JPG,2013:08:05 19:16:08
IMG_6717.JPG,2013:08:05 19:25:10
IMG_6718.JPG,2013:08:05 19:25:14
IMG_6719.JPG,2013:08:05 19:25:59
IMG_6720.JPG,2013:08:05 19:26:16
IMG_6721.JPG,2013:08:05 19:26:33
IMG_6722.JPG,2013:08:05 19:26:41
IMG_6723.JPG,2013:08:05 19:27:19
IMG_6724.JPG,2013:08:05 19:29:35
IMG_6725.JPG,2013:08:05 19:29:44
IMG_6726.JPG,2013:08:05 19:44:00
IMG_6727.JPG,2013:08:05 19:54:10
IMG_6728.JPG,2013:08:05 19:58:30
IMG_6729.JPG,2013:08:05 20:02:50
IMG_6730.JPG,2013:08:05 20:03:02
IMG_6731.JPG,2013:08:05 20:04:59
IMG_6733.JPG,2013:08:05 20:05:44
IMG_6734.JPG,2013:08:05 20:33:12
IMG_6735.JPG,2013:08:05 20:33:19
IMG_6736.JPG,2013:08:05 20:36:19
IMG_6737.JPG,2013:08:05 20:36:33
IMG_6739.JPG,2013:08:05 20:36:49
IMG_6740.JPG,2013:08:05 20:36:53
IMG_6741.JPG,2013:08:05 20:37:19
IMG_6742.JPG,2013:08:05 20:44:05
IMG_6743.JPG,2013:08:05 20:44:21
IMG_6744.JPG,2013:08:05 20:47:09
IMG_6745.JPG,2013:08:05 22:15:14
IMG_6746.JPG,2013:08:05 22:15:23
IMG_6747.JPG,2013:08:05 22:15:24
IMG_6748.JPG,2013:08:05 22:59:23
IMG_6751.JPG,2013:08:05 23:02:26
IMG_6756.JPG,2013:08:06 01:04:44
IMG_6758.JPG,2013:08:06 01:12:12
IMG_6761.JPG,2013:08:06 01:58:54
IMG_6762.JPG,2013:08:06 02:31:36
IMG_6763.JPG,2013:08:06 02:42:07
IMG_6765.JPG,2013:08:06 02:42:39
IMG_6767.JPG,2013:08:06 02:42:59
IMG_6768.JPG,2013:08:06 02:43:12
IMG_6769.JPG,2013:08:06 02:47:15
IMG_6770.JPG,2013:08:06 02:48:22
IMG_6771.JPG,2013:08:06 02:48:34
IMG_6773.JPG,2013:08:06 02:49:31
IMG_6774.JPG,2013:08:06 02:49:47
IMG_6775.JPG,2013:08:06 02:50:10
IMG_6776.JPG,2013:08:06 02:51:47
IMG_6778.JPG,2013:08:06 03:14:22
IMG_6779.JPG,2013:08:06 03:14:27
IMG_6780.JPG,2013:08:06 03:14:30
IMG_6781.JPG,2013:08:06 03:14:36
IMG_6782.JPG,2013:08:06 03:49:51
IMG_6783.JPG,2013:08:06 03:50:01
IMG_6784.JPG,2013:08:06 03:50:13
IMG_6785.JPG,2013:08:06 03:50:25
IMG_6786.JPG,2013:08:06 03:50:51
IMG_6787.JPG,2013:08:06 03:51:13
IMG_6788.JPG,2013:08:06 03:51:14
IMG_6789.JPG,2013:08:06 03:51:23
IMG_6790.JPG,2013:08:06 03:51:44
IMG_6791.JPG,2013:08:06 03:51:46
IMG_6792.JPG,2013:08:06 03:52:00
IMG_6793.JPG,2013:08:06 03:52:31
IMG_6794.JPG,2013:08:06 03:52:46
IMG_6795.JPG,2013:08:06 03:52:58
IMG_6796.JPG,2013:08:06 03:54:00
IMG_6797.JPG,2013:08:06 03:54:24
IMG_6798.JPG,2013:08:06 03:54:54
IMG_6799.JPG,2013:08:06 03:55:04
IMG_6800.JPG,2013:08:06 03:55:47
IMG_6801.JPG,2013:08:06 03:56:16
IMG_6802.JPG,2013:08:06 03:56:42
IMG_6803.JPG,2013:08:06 03:59:52
IMG_6806.JPG,2013:08:06 15:45:54
IMG_6808.JPG,2013:08:06 15:50:31
IMG_6809.JPG,2013:08:06 15:57:16
IMG_6810.JPG,2013:08:06 16:05:02
IMG_6811.JPG,2013:08:06 16:05:12
IMG_6812.JPG,2013:08:06 16:05:17
IMG_6814.JPG,2013:08:06 16:10:16
IMG_6815.JPG,2013:08:06 16:10:34
IMG_6819.JPG,2013:08:06 16:14:47
IMG_6824.JPG,2013:08:06 16:21:47
IMG_6830.JPG,2013:08:06 16:31:03
IMG_6841.JPG,2013:08:06 16:47:58
IMG_6842.JPG,2013:08:06 17:21:04
IMG_6846.JPG,2013:08:06 17:35:15
IMG_6847.JPG,2013:08:06 17:35:26
IMG_6848.JPG,2013:08:06 17:35:40
IMG_6849.JPG,2013:08:06 17:35:45
IMG_6850.JPG,2013:08:06 17:36:37
IMG_6852.JPG,2013:08:06 17:36:47
IMG_6854.JPG,2013:08:06 17:36:56
IMG_6858.JPG,2013:08:06 18:06:49
IMG_6860.JPG,2013:08:06 18:11:57
IMG_6861.JPG,2013:08:06 18:12:38
IMG_6862.JPG,2013:08:06 18:12:53
IMG_6863.JPG,2013:08:06 18:30:23
IMG_6864.JPG,2013:08:06 18:30:53
IMG_6865.JPG,2013:08:06 18:31:13
IMG_6866.JPG,2013:08:06 18:31:58
IMG_6868.JPG,2013:08:06 18:41:29
IMG_6881.JPG,2013:08:06 19:02:42
IMG_6884.JPG,2013:08:06 19:05:31
IMG_6892.JPG,2013:08:06 19:24:55
IMG_6893.JPG,2013:08:06 20:24:03
IMG_6894.JPG,2013:08:06 20:24:18
IMG_6895.JPG,2013:08:06 20:27:52
IMG_6896.JPG,2013:08:06 20:28:08
IMG_6897.JPG,2013:08:06 20:28:27
IMG_6899.JPG,2013:08:06 20:28:38
IMG_6900.JPG,2013:08:06 20:28:59
IMG_6901.JPG,2013:08:06 20:29:10
IMG_6902.JPG,2013:08:06 20:29:41
IMG_6903.JPG,2013:08:06 20:30:20
IMG_6905.JPG,2013:08:06 20:39:38
IMG_6906.JPG,2013:08:06 20:40:22
IMG_6907.JPG,2013:08:06 20:40:55
IMG_6908.JPG,2013:08:06 20:41:51
IMG_6909.JPG,2013:08:06 20:42:04
IMG_6910.JPG,2013:08:06 20:42:32
IMG_6911.JPG,2013:08:06 20:42:54
IMG_6912.JPG,2013:08:06 20:43:19
IMG_6913.JPG,2013:08:06 20:43:58
IMG_6914.JPG,2013:08:06 20:44:02
IMG_6915.JPG,2013:08:06 20:44:44
IMG_6916.JPG,2013:08:06 20:44:59
IMG_6917.JPG,2013:08:06 20:45:23
IMG_6920.JPG,2013:08:06 20:46:52
IMG_6921.JPG,2013:08:06 20:48:03
IMG_6922.JPG,2013:08:06 20:48:29
IMG_6923.JPG,2013:08:06 20:48:55
IMG_6924.JPG,2013:08:06 20:49:09
IMG_6925.JPG,2013:08:06 20:49:32
IMG_6926.JPG,2013:08:06 21:40:18
IMG_6927.JPG,2013:08:06 21:40:23
IMG_6928.JPG,2013:08:06 21:40:26
IMG_6929.JPG,2013:08:06 21:40:31
IMG_6930.JPG,2013:08:06 22:23:23
IMG_6931.JPG,2013:08:06 22:24:25
IMG_6932.JPG,2013:08:06 22:24:35
IMG_6933.JPG,2013:08:06 22:28:37
IMG_6934.JPG,2013:08:06 22:28:47
IMG_6936.JPG,2013:08:06 22:50:44
IMG_6937.JPG,2013:08:06 22:54:33
IMG_6940.JPG,2013:08:06 23:09:41
IMG_6941.JPG,2013:08:07 00:07:33
IMG_6943.JPG,2013:08:07 01:08:08
IMG_6944.JPG,2013:08:07 01:11:02
IMG_6947.JPG,2013:08:07 01:17:35
IMG_6952.JPG,2013:08:07 01:18:23
IMG_6954.JPG,2013:08:07 01:40:59
IMG_6958.JPG,2013:08:07 02:45:57
IMG_6960.JPG,2013:08:07 02:46:05
IMG_6965.JPG,2013:08:07 02:46:14
IMG_6966.JPG,2013:08:07 15:22:01
IMG_6967.JPG,2013:08:07 15:22:17
IMG_6969.JPG,2013:08:07 15:35:45
IMG_6970.JPG,2013:08:07 15:36:09
IMG_6971.JPG,2013:08:07 15:36:43
IMG_6972.JPG,2013:08:07 15:36:57
IMG_6973.JPG,2013:08:07 15:38:26
IMG_6974.JPG,2013:08:07 15:38:42
IMG_6975.JPG,2013:08:07 15:38:42
IMG_6976.JPG,2013:08:07 15:38:54
IMG_6977.JPG,2013:08:07 15:39:09
IMG_6978.JPG,2013:08:07 15:39:48
IMG_6979.JPG,2013:08:07 15:40:38
IMG_6980.JPG,2013:08:07 15:41:13
IMG_6981.JPG,2013:08:07 16:30:41
IMG_6982.JPG,2013:08:07 16:48:11
IMG_6983.JPG,2013:08:07 16:49:05
IMG_6984.JPG,2013:08:07 16:52:41
IMG_6985.JPG,2013:08:07 16:53:00
IMG_6986.JPG,2013:08:07 16:53:55
IMG_6988.JPG,2013:08:07 16:55:37
IMG_6989.JPG,2013:08:07 16:56:21
IMG_6993.JPG,2013:08:07 17:06:32
IMG_6997.JPG,2013:08:07 17:14:46
IMG_6999.JPG,2013:08:07 17:20:13
IMG_7000.JPG,2013:08:07 17:22:31
IMG_7002.JPG,2013:08:07 17:26:41
IMG_7004.JPG,2013:08:07 17:28:02
IMG_7006.JPG,2013:08:07 17:32:09
IMG_7007.JPG,2013:08:07 17:33:48
IMG_7008.JPG,2013:08:07 17:39:18
IMG_7011.JPG,2013:08:07 17:39:24
IMG_7012.JPG,2013:08:07 17:39:25
IMG_7013.JPG,2013:08:07 17:39:46
IMG_7014.JPG,2013:08:07 17:39:53
IMG_7015.JPG,2013:08:07 17:40:22
IMG_7016.JPG,2013:08:07 17:43:42
IMG_7018.JPG,2013:08:07 17:44:02
IMG_7019.JPG,2013:08:07 17:48:12
IMG_7020.JPG,2013:08:07 17:50:36
IMG_7021.JPG,2013:08:07 17:50:57
IMG_7022.JPG,2013:08:07 18:19:03
IMG_7023.JPG,2013:08:07 18:20:07
IMG_7024.JPG,2013:08:07 18:21:28
IMG_7025.JPG,2013:08:07 18:21:28
IMG_7027.JPG,2013:08:07 18:24:12
IMG_7028.JPG,2013:08:07 18:24:51
IMG_7029.JPG,2013:08:07 18:30:34
IMG_7031.JPG,2013:08:07 18:35:57
IMG_7032.JPG,2013:08:07 18:35:58
IMG_7033.JPG,2013:08:07 18:35:59
IMG_7034.JPG,2013:08:07 18:36:00
IMG_7035.JPG,2013:08:07 18:36:02
IMG_7036.JPG,2013:08:07 18:36:05
IMG_7037.JPG,2013:08:07 18:36:06
IMG_7038.JPG,2013:08:07 18:36:07
IMG_7039.JPG,2013:08:07 18:36:12
IMG_7040.JPG,2013:08:07 18:39:00
IMG_7041.JPG,2013:08:07 18:39:12
IMG_7042.JPG,2013:08:07 18:39:35
IMG_7043.JPG,2013:08:07 18:39:44
IMG_7044.JPG,2013:08:07 18:40:23
IMG_7045.JPG,2013:08:07 18:41:55
IMG_7046.JPG,2013:08:07 18:42:05
IMG_7047.JPG,2013:08:07 18:44:17
IMG_7048.JPG,2013:08:07 18:45:11
IMG_7057.JPG,2013:08:07 19:17:30
IMG_7058.JPG,2013:08:07 19:17:30
IMG_7062.JPG,2013:08:07 19:20:27
IMG_7067.JPG,2013:08:07 19:57:01
IMG_7068.JPG,2013:08:07 19:57:14
IMG_7070.JPG,2013:08:07 19:57:49
IMG_7071.JPG,2013:08:07 19:58:49
IMG_7072.JPG,2013:08:07 19:58:51
IMG_7073.JPG,2013:08:07 19:59:09
IMG_7076.JPG,2013:08:07 20:00:28
IMG_7077.JPG,2013:08:07 20:01:24
IMG_7078.JPG,2013:08:07 20:03:28
IMG_7080.JPG,2013:08:07 20:04:14
IMG_7081.JPG,2013:08:07 20:04:19
IMG_7082.JPG,2013:08:07 20:05:13
IMG_7083.JPG,2013:08:07 20:37:08
IMG_7084.JPG,2013:08:07 20:37:15
IMG_7086.JPG,2013:08:07 21:22:18
IMG_7087.JPG,2013:08:07 21:22:21
IMG_7088.JPG,2013:08:07 21:22:38
IMG_7090.JPG,2013:08:07 21:23:58
IMG_7091.JPG,2013:08:07 21:34:41
IMG_7092.JPG,2013:08:07 21:35:12
IMG_7093.JPG,2013:08:07 21:35:24
IMG_7094.JPG,2013:08:07 21:35:48
IMG_7095.JPG,2013:08:07 21:37:46
IMG_7096.JPG,2013:08:07 21:38:00
IMG_7097.JPG,2013:08:07 21:38:23
IMG_7098.JPG,2013:08:07 21:39:51
IMG_7099.JPG,2013:08:07 21:40:56
IMG_7100.JPG,2013:08:07 21:40:58
IMG_7101.JPG,2013:08:07 21:42:02
IMG_7102.JPG,2013:08:07 21:42:05
IMG_7103.JPG,2013:08:07 21:42:07
IMG_7104.JPG,2013:08:07 21:42:11
IMG_7105.JPG,2013:08:07 21:42:24
IMG_7106.JPG,2013:08:07 21:42:46
IMG_7107.JPG,2013:08:07 21:43:32
IMG_7108.JPG,2013:08:07 21:43:41
IMG_7109.JPG,2013:08:07 21:46:20
IMG_7110.JPG,2013:08:07 21:47:06
IMG_7111.JPG,2013:08:07 21:47:14
IMG_7112.JPG,2013:08:07 21:48:30
IMG_7113.JPG,2013:08:07 21:48:55
IMG_7114.JPG,2013:08:07 21:49:01
IMG_7115.JPG,2013:08:07 21:49:51
IMG_7116.JPG,2013:08:07 21:51:07
IMG_7117.JPG,2013:08:07 21:52:06
IMG_7118.JPG,2013:08:07 21:53:15
IMG_7119.JPG,2013:08:07 21:53:58
IMG_7120.JPG,2013:08:07 21:54:48
IMG_7121.JPG,2013:08:07 21:55:15
IMG_7122.JPG,2013:08:07 21:56:20
IMG_7123.JPG,2013:08:07 21:57:53
IMG_7124.JPG,2013:08:07 21:58:03
IMG_7125.JPG,2013:08:07 21:58:22
IMG_7126.JPG,2013:08:07 21:58:39
IMG_7127.JPG,2013:08:07 22:03:31
IMG_7128.JPG,2013:08:07 22:07:32
IMG_7129.JPG,2013:08:07 22:10:36
IMG_7130.JPG,2013:08:07 22:11:08
IMG_7134.JPG,2013:08:07 22:13:42
IMG_7135.JPG,2013:08:07 22:13:55
IMG_7137.JPG,2013:08:07 22:14:35
IMG_7138.JPG,2013:08:07 22:14:53
IMG_7139.JPG,2013:08:07 22:15:38
IMG_7140.JPG,2013:08:07 22:16:22
IMG_7141.JPG,2013:08:07 22:16:35
IMG_7142.JPG,2013:08:07 22:17:03
IMG_7144.JPG,2013:08:07 22:23:24
IMG_7145.JPG,2013:08:07 22:24:05
IMG_7146.JPG,2013:08:07 22:24:08
IMG_7147.JPG,2013:08:07 22:31:00
IMG_7148.JPG,2013:08:07 22:42:42
IMG_7149.JPG,2013:08:08 00:03:51
IMG_7150.JPG,2013:08:08 00:04:05
IMG_7151.JPG,2013:08:08 00:04:12
IMG_7152.JPG,2013:08:08 00:04:57
IMG_7153.JPG,2013:08:08 00:07:16
IMG_7154.JPG,2013:08:08 00:09:12
IMG_7155.JPG,2013:08:08 00:09:16
IMG_7156.JPG,2013:08:08 00:09:25
IMG_7157.JPG,2013:08:08 00:10:08
IMG_7158.JPG,2013:08:08 00:10:41
IMG_7159.JPG,2013:08:08 00:12:24
IMG_7160.JPG,2013:08:08 00:12:32
IMG_7164.JPG,2013:08:08 00:21:06
IMG_7166.JPG,2013:08:08 00:23:26
IMG_7168.JPG,2013:08:08 00:29:24
IMG_7169.JPG,2013:08:08 00:29:26
IMG_7170.JPG,2013:08:08 00:29:46
IMG_7171.JPG,2013:08:08 00:33:40
IMG_7173.JPG,2013:08:08 00:37:18
IMG_7177.JPG,2013:08:08 00:44:43
IMG_7178.JPG,2013:08:08 00:45:08
IMG_7180.JPG,2013:08:08 00:46:11
IMG_7181.JPG,2013:08:08 00:47:23
IMG_7182.JPG,2013:08:08 00:49:25
IMG_7183.JPG,2013:08:08 00:50:32
IMG_7184.JPG,2013:08:08 00:50:59
IMG_7186.JPG,2013:08:08 00:52:19
IMG_7187.JPG,2013:08:08 00:53:41
IMG_7189.JPG,2013:08:08 01:12:26
IMG_7190.JPG,2013:08:08 01:16:15
IMG_7192.JPG,2013:08:08 01:19:14
IMG_7193.JPG,2013:08:08 01:19:30
IMG_7194.JPG,2013:08:08 01:20:07
IMG_7195.JPG,2013:08:08 01:21:16
IMG_7196.JPG,2013:08:08 01:25:01
IMG_7197.JPG,2013:08:08 01:26:58
IMG_7198.JPG,2013:08:08 01:27:21
IMG_7199.JPG,2013:08:08 01:27:57
IMG_7201.JPG,2013:08:08 01:29:11
IMG_7202.JPG,2013:08:08 01:29:27
IMG_7203.JPG,2013:08:08 01:29:45
IMG_7204.JPG,2013:08:08 01:29:51
IMG_7205.JPG,2013:08:08 01:30:22
IMG_7206.JPG,2013:08:08 01:30:39
IMG_7207.JPG,2013:08:08 01:30:50
IMG_7208.JPG,2013:08:08 01:30:57
IMG_7209.JPG,2013:08:08 01:31:27
IMG_7210.JPG,2013:08:08 01:31:46
IMG_7211.JPG,2013:08:08 01:32:13
IMG_7212.JPG,2013:08:08 01:32:53
IMG_7213.JPG,2013:08:08 01:33:10
IMG_7214.JPG,2013:08:08 01:33:34
IMG_7215.JPG,2013:08:08 01:33:44
IMG_7216.JPG,2013:08:08 01:35:49
IMG_7219.JPG,2013:08:08 01:36:43
IMG_7220.JPG,2013:08:08 01:37:43
IMG_7221.JPG,2013:08:08 01:37:53
IMG_7222.JPG,2013:08:08 01:38:28
IMG_7224.JPG,2013:08:08 01:40:07
IMG_7227.JPG,2013:08:08 01:42:50
IMG_7228.JPG,2013:08:08 01:42:51
IMG_7229.JPG,2013:08:08 01:42:53
IMG_7231.JPG,2013:08:08 01:46:02
IMG_7232.JPG,2013:08:08 01:46:56
IMG_7234.JPG,2013:08:08 01:53:04
IMG_7235.JPG,2013:08:08 01:55:12
IMG_7236.JPG,2013:08:08 01:58:26
IMG_7237.JPG,2013:08:08 02:01:08
IMG_7238.JPG,2013:08:08 02:01:17
IMG_7239.JPG,2013:08:08 02:04:00
IMG_7241.JPG,2013:08:08 02:11:07
IMG_7242.JPG,2013:08:08 02:13:19
IMG_7243.JPG,2013:08:08 02:13:37
IMG_7244.JPG,2013:08:08 02:14:20
IMG_7246.JPG,2013:08:08 02:15:55
IMG_7247.JPG,2013:08:08 02:17:09
IMG_7248.JPG,2013:08:08 02:21:08
IMG_7251.JPG,2013:08:08 02:23:29
IMG_7252.JPG,2013:08:08 02:24:52
IMG_7253.JPG,2013:08:08 02:25:01
IMG_7254.JPG,2013:08:08 02:25:18
IMG_7255.JPG,2013:08:08 02:27:10
IMG_7259.JPG,2013:08:08 02:36:49
IMG_7263.JPG,2013:08:08 02:43:57
IMG_7264.JPG,2013:08:08 02:45:09
IMG_7265.JPG,2013:08:08 02:53:20
IMG_7266.JPG,2013:08:08 02:53:41
IMG_7267.JPG,2013:08:08 16:00:13
IMG_7268.JPG,2013:08:08 16:01:13
IMG_7269.JPG,2013:08:08 16:02:07
IMG_7270.JPG,2013:08:08 17:05:38
IMG_7271.JPG,2013:08:08 17:06:22
IMG_7274.JPG,2013:08:08 17:08:36
IMG_7276.JPG,2013:08:08 17:11:47
IMG_7277.JPG,2013:08:08 17:13:13
IMG_7278.JPG,2013:08:08 17:13:32
IMG_7279.JPG,2013:08:08 17:14:41
IMG_7282.JPG,2013:08:08 17:17:30
IMG_7284.JPG,2013:08:08 17:19:26
IMG_7285.JPG,2013:08:08 17:19:43
IMG_7287.JPG,2013:08:08 17:24:20
IMG_7294.JPG,2013:08:08 17:33:11
IMG_7297.JPG,2013:08:08 17:35:36
IMG_7298.JPG,2013:08:08 17:36:27
IMG_7299.JPG,2013:08:08 17:38:18
IMG_7300.JPG,2013:08:08 17:38:32
IMG_7301.JPG,2013:08:08 17:38:36
IMG_7302.JPG,2013:08:08 17:38:42
IMG_7303.JPG,2013:08:08 17:39:02
IMG_7304.JPG,2013:08:08 17:39:15
IMG_7305.JPG,2013:08:08 17:40:05
IMG_7306.JPG,2013:08:08 17:41:13
IMG_7307.JPG,2013:08:08 17:41:19
IMG_7308.JPG,2013:08:08 17:41:30
IMG_7309.JPG,2013:08:08 17:41:38
IMG_7310.JPG,2013:08:08 17:42:00
IMG_7311.JPG,2013:08:08 17:42:42
IMG_7312.JPG,2013:08:08 17:43:05
IMG_7313.JPG,2013:08:08 17:44:28
IMG_7314.JPG,2013:08:08 17:44:41
IMG_7315.JPG,2013:08:08 17:45:05
IMG_7317.JPG,2013:08:08 17:51:54
IMG_7318.JPG,2013:08:08 17:52:02
IMG_7320.JPG,2013:08:08 17:57:22
IMG_7321.JPG,2013:08:08 17:57:25
IMG_7324.JPG,2013:08:08 17:57:41
IMG_7325.JPG,2013:08:08 17:59:01
IMG_7326.JPG,2013:08:08 17:59:14
IMG_7327.JPG,2013:08:08 17:59:22
IMG_7328.JPG,2013:08:08 18:01:12
IMG_7329.JPG,2013:08:08 18:01:34
IMG_7330.JPG,2013:08:08 18:01:44
IMG_7331.JPG,2013:08:08 18:01:51
IMG_7332.JPG,2013:08:08 18:02:24
IMG_7333.JPG,2013:08:08 18:02:29
IMG_7334.JPG,2013:08:08 18:02:42
IMG_7335.JPG,2013:08:08 18:02:48
IMG_7336.JPG,2013:08:08 18:02:59
IMG_7337.JPG,2013:08:08 18:03:37
IMG_7338.JPG,2013:08:08 18:04:23
IMG_7341.JPG,2013:08:08 18:10:00
IMG_7342.JPG,2013:08:08 18:10:47
IMG_7343.JPG,2013:08:08 18:11:18
IMG_7344.JPG,2013:08:08 18:11:28
IMG_7345.JPG,2013:08:08 18:12:38
IMG_7347.JPG,2013:08:08 18:12:54
IMG_7348.JPG,2013:08:08 18:15:56
IMG_7351.JPG,2013:08:08 18:16:14
IMG_7355.JPG,2013:08:08 18:21:18
IMG_7357.JPG,2013:08:08 18:23:23
IMG_7358.JPG,2013:08:08 18:24:08
IMG_7360.JPG,2013:08:08 18:24:19
IMG_7362.JPG,2013:08:08 18:27:07
IMG_7363.JPG,2013:08:08 18:27:12
IMG_7364.JPG,2013:08:08 18:27:19
IMG_7365.JPG,2013:08:08 18:28:13
IMG_7366.JPG,2013:08:08 18:28:18
IMG_7367.JPG,2013:08:08 18:30:11
IMG_7370.JPG,2013:08:08 18:35:25
IMG_7375.JPG,2013:08:08 20:10:16
IMG_7376.JPG,2013:08:08 21:07:34
IMG_7377.JPG,2013:08:08 21:07:47
IMG_7378.JPG,2013:08:08 21:08:04
IMG_7379.JPG,2013:08:08 21:08:12
IMG_7380.JPG,2013:08:08 21:08:28
IMG_7381.JPG,2013:08:08 21:08:33
IMG_7382.JPG,2013:08:08 21:28:42
IMG_7384.JPG,2013:08:08 21:42:40
IMG_7385.JPG,2013:08:08 21:43:16
IMG_7386.JPG,2013:08:08 21:44:49
IMG_7387.JPG,2013:08:08 21:44:54
IMG_7388.JPG,2013:08:08 21:45:14
IMG_7389.JPG,2013:08:08 21:45:26
IMG_7390.JPG,2013:08:08 21:45:40
IMG_7391.JPG,2013:08:08 21:45:52
IMG_7392.JPG,2013:08:08 21:46:07
IMG_7393.JPG,2013:08:08 21:47:15
IMG_7396.JPG,2013:08:08 21:50:18
IMG_7397.JPG,2013:08:08 21:50:34
IMG_7398.JPG,2013:08:08 21:50:35
IMG_7400.JPG,2013:08:08 21:53:26
IMG_7405.JPG,2013:08:08 22:00:20
IMG_7406.JPG,2013:08:08 22:01:01
IMG_7407.JPG,2013:08:08 22:23:07
IMG_7408.JPG,2013:08:08 22:56:21
IMG_7409.JPG,2013:08:08 22:56:50
IMG_7411.JPG,2013:08:08 23:01:42
IMG_7412.JPG,2013:08:08 23:03:57
IMG_7413.JPG,2013:08:08 23:04:17
IMG_7414.JPG,2013:08:08 23:04:54
IMG_7415.JPG,2013:08:08 23:05:06
IMG_7416.JPG,2013:08:08 23:06:03
IMG_7417.JPG,2013:08:08 23:10:48
IMG_7418.JPG,2013:08:08 23:10:59
IMG_7420.JPG,2013:08:08 23:11:46
IMG_7421.JPG,2013:08:08 23:14:00
IMG_7422.JPG,2013:08:08 23:14:19
IMG_7423.JPG,2013:08:09 00:25:24
IMG_7424.JPG,2013:08:09 00:25:35
IMG_7425.JPG,2013:08:09 00:26:22
IMG_7426.JPG,2013:08:09 01:02:43
IMG_7427.JPG,2013:08:09 01:02:59
IMG_7428.JPG,2013:08:09 01:06:46
IMG_7429.JPG,2013:08:09 01:06:51
IMG_7432.JPG,2013:08:09 01:09:50
IMG_7434.JPG,2013:08:09 01:10:33
IMG_7435.JPG,2013:08:09 01:11:44
IMG_7437.JPG,2013:08:09 01:12:18
IMG_7440.JPG,2013:08:09 01:13:00
IMG_7441.JPG,2013:08:09 01:13:03
IMG_7442.JPG,2013:08:09 01:13:33
IMG_7443.JPG,2013:08:09 01:13:34
IMG_7444.JPG,2013:08:09 01:13:46
IMG_7445.JPG,2013:08:09 01:14:31
IMG_7446.JPG,2013:08:09 01:15:01
IMG_7448.JPG,2013:08:09 01:18:02
IMG_7449.JPG,2013:08:09 01:19:37
IMG_7451.JPG,2013:08:09 01:24:31
IMG_7452.JPG,2013:08:09 01:24:51
IMG_7453.JPG,2013:08:09 01:24:53
IMG_7454.JPG,2013:08:09 01:25:06
IMG_7455.JPG,2013:08:09 01:25:31
IMG_7456.JPG,2013:08:09 01:26:05
IMG_7457.JPG,2013:08:09 01:26:27
IMG_7458.JPG,2013:08:09 01:30:06
IMG_7460.JPG,2013:08:09 01:30:31
IMG_7462.JPG,2013:08:09 01:31:07
IMG_7463.JPG,2013:08:09 01:31:44
IMG_7464.JPG,2013:08:09 01:32:02
IMG_7465.JPG,2013:08:09 01:32:10
IMG_7468.JPG,2013:08:09 01:32:22
IMG_7469.JPG,2013:08:09 01:34:14
IMG_7470.JPG,2013:08:09 01:34:17
IMG_7471.JPG,2013:08:09 01:35:25
IMG_7472.JPG,2013:08:09 01:35:39
IMG_7473.JPG,2013:08:09 01:36:07
IMG_7476.JPG,2013:08:09 01:37:23
IMG_7477.JPG,2013:08:09 01:38:01
IMG_7481.JPG,2013:08:09 01:41:00
IMG_7482.JPG,2013:08:09 01:41:49
IMG_7483.JPG,2013:08:09 01:41:50
IMG_7484.JPG,2013:08:09 01:41:52
IMG_7485.JPG,2013:08:09 01:42:44
IMG_7486.JPG,2013:08:09 01:43:08
IMG_7487.JPG,2013:08:09 01:43:10
IMG_7488.JPG,2013:08:09 01:43:18
IMG_7489.JPG,2013:08:09 01:43:22
IMG_7490.JPG,2013:08:09 01:44:53
IMG_7492.JPG,2013:08:09 01:45:39
IMG_7493.JPG,2013:08:09 01:46:35
IMG_7494.JPG,2013:08:09 01:46:38
IMG_7495.JPG,2013:08:09 01:46:44
IMG_7497.JPG,2013:08:09 01:47:25
IMG_7498.JPG,2013:08:09 01:51:34
IMG_7499.JPG,2013:08:09 01:51:43
IMG_7500.JPG,2013:08:09 02:40:47
IMG_7501.JPG,2013:08:09 02:43:48
IMG_7502.JPG,2013:08:09 02:51:03
IMG_7503.JPG,2013:08:09 02:51:10
IMG_7504.JPG,2013:08:09 02:52:00
IMG_7505.JPG,2013:08:09 02:52:08
IMG_7506.JPG,2013:08:09 02:53:05
IMG_7507.JPG,2013:08:09 02:53:39
IMG_7508.JPG,2013:08:09 02:53:53
IMG_7509.JPG,2013:08:09 02:54:15
IMG_7510.JPG,2013:08:09 02:54:32
IMG_7511.JPG,2013:08:09 02:55:04
IMG_7512.JPG,2013:08:09 02:59:58
IMG_7513.JPG,2013:08:09 03:00:26
IMG_7514.JPG,2013:08:09 03:05:15
IMG_7515.JPG,2013:08:09 03:05:38
IMG_7516.JPG,2013:08:09 03:07:26
IMG_7517.JPG,2013:08:09 03:07:47
IMG_7518.JPG,2013:08:09 03:08:12
IMG_7519.JPG,2013:08:09 03:08:14
IMG_7520.JPG,2013:08:09 03:08:17
IMG_7521.JPG,2013:08:09 03:08:19
IMG_7522.JPG,2013:08:09 03:08:34
IMG_7523.JPG,2013:08:09 03:08:52
IMG_7524.JPG,2013:08:09 03:09:09
IMG_7525.JPG,2013:08:09 03:09:27
IMG_7526.JPG,2013:08:09 03:10:47
IMG_7527.JPG,2013:08:09 03:11:10
IMG_7528.JPG,2013:08:09 03:11:22
IMG_7529.JPG,2013:08:09 03:11:34
IMG_7530.JPG,2013:08:09 03:11:54
IMG_7531.JPG,2013:08:09 03:12:04
IMG_7532.JPG,2013:08:09 03:12:21
IMG_7533.JPG,2013:08:09 03:12:38
IMG_7534.JPG,2013:08:09 03:12:53
IMG_7535.JPG,2013:08:09 03:13:46
IMG_7536.JPG,2013:08:09 03:13:47
IMG_7537.JPG,2013:08:09 03:13:48
IMG_7538.JPG,2013:08:09 03:13:50
IMG_7539.JPG,2013:08:09 03:13:57
IMG_7540.JPG,2013:08:09 03:13:58
IMG_7541.JPG,2013:08:09 03:14:01
IMG_7542.JPG,2013:08:09 03:14:04
IMG_7543.JPG,2013:08:09 03:14:15
IMG_7544.JPG,2013:08:09 03:14:18
IMG_7545.JPG,2013:08:09 03:14:21
IMG_7546.JPG,2013:08:09 03:14:22
IMG_7547.JPG,2013:08:09 03:14:29
IMG_7548.JPG,2013:08:09 03:14:43
IMG_7549.JPG,2013:08:09 03:14:47
IMG_7550.JPG,2013:08:09 03:14:49
IMG_7551.JPG,2013:08:09 03:14:54
IMG_7552.JPG,2013:08:09 03:15:06
IMG_7553.JPG,2013:08:09 03:15:07
IMG_7554.JPG,2013:08:09 03:15:10
IMG_7555.JPG,2013:08:09 03:15:20
IMG_7556.JPG,2013:08:09 03:15:30
IMG_7557.JPG,2013:08:09 03:15:31
IMG_7558.JPG,2013:08:09 03:15:33
IMG_7559.JPG,2013:08:09 03:15:44
IMG_7560.JPG,2013:08:09 03:16:13
IMG_7561.JPG,2013:08:09 03:16:19
IMG_7562.JPG,2013:08:09 03:16:20
IMG_7563.JPG,2013:08:09 03:16:22
IMG_7564.JPG,2013:08:09 03:16:23
IMG_7565.JPG,2013:08:09 03:17:13
IMG_7566.JPG,2013:08:09 03:17:40
IMG_7567.JPG,2013:08:09 03:19:16
IMG_7568.JPG,2013:08:09 03:19:25
IMG_7569.JPG,2013:08:09 03:20:33
IMG_7571.JPG,2013:08:09 03:22:23
IMG_7572.JPG,2013:08:09 03:22:32
IMG_7573.JPG,2013:08:09 03:22:52
IMG_7574.JPG,2013:08:09 03:22:53
IMG_7575.JPG,2013:08:09 03:22:55
IMG_7576.JPG,2013:08:09 03:22:56
IMG_7577.JPG,2013:08:09 03:22:57
IMG_7578.JPG,2013:08:09 03:22:58
IMG_7579.JPG,2013:08:09 03:22:59
IMG_7580.JPG,2013:08:09 03:23:13
IMG_7581.JPG,2013:08:09 03:23:31
IMG_7582.JPG,2013:08:09 03:23:33
IMG_7583.JPG,2013:08:09 03:23:46
IMG_7584.JPG,2013:08:09 03:24:18
IMG_7585.JPG,2013:08:09 03:24:19
IMG_7586.JPG,2013:08:09 03:24:20
IMG_7587.JPG,2013:08:09 03:24:21
IMG_7588.JPG,2013:08:09 03:24:22
IMG_7589.JPG,2013:08:09 03:24:23
IMG_7590.JPG,2013:08:09 03:24:42
IMG_7591.JPG,2013:08:09 03:25:33
IMG_7592.JPG,2013:08:09 03:25:38
IMG_7593.JPG,2013:08:09 03:25:39
IMG_7594.JPG,2013:08:09 03:25:40
IMG_7595.JPG,2013:08:09 03:25:42
IMG_7596.JPG,2013:08:09 03:25:43
IMG_7597.JPG,2013:08:09 03:25:44
IMG_7598.JPG,2013:08:09 03:25:45
IMG_7599.JPG,2013:08:09 03:25:46
IMG_7600.JPG,2013:08:09 03:25:49
IMG_7601.JPG,2013:08:09 03:26:13
IMG_7602.JPG,2013:08:09 03:26:14
IMG_7603.JPG,2013:08:09 03:26:18
IMG_7604.JPG,2013:08:09 03:26:29
IMG_7605.JPG,2013:08:09 03:26:35
IMG_7606.JPG,2013:08:09 03:26:37
IMG_7607.JPG,2013:08:09 03:26:38
IMG_7608.JPG,2013:08:09 03:28:02
IMG_7609.JPG,2013:08:09 03:28:41
IMG_7610.JPG,2013:08:09 03:28:42
IMG_7611.JPG,2013:08:09 03:28:44
IMG_7612.JPG,2013:08:09 03:28:45
IMG_7613.JPG,2013:08:09 03:28:46
IMG_7614.JPG,2013:08:09 03:28:47
IMG_7615.JPG,2013:08:09 03:28:48
IMG_7616.JPG,2013:08:09 03:29:05
IMG_7617.JPG,2013:08:09 03:29:10
IMG_7618.JPG,2013:08:09 03:29:19
IMG_7619.JPG,2013:08:09 03:29:52
IMG_7620.JPG,2013:08:09 03:29:53
IMG_7621.JPG,2013:08:09 03:29:55
IMG_7622.JPG,2013:08:09 03:29:57
IMG_7623.JPG,2013:08:09 03:29:57
IMG_7624.JPG,2013:08:09 03:29:58
IMG_7625.JPG,2013:08:09 03:30:00
IMG_7626.JPG,2013:08:09 03:30:01
IMG_7627.JPG,2013:08:09 03:30:02
IMG_7628.JPG,2013:08:09 03:31:02
IMG_7629.JPG,2013:08:09 03:31:33
IMG_7630.JPG,2013:08:09 03:33:48
IMG_7631.JPG,2013:08:09 03:33:48
IMG_7634.JPG,2013:08:09 03:33:52
IMG_7635.JPG,2013:08:09 03:33:53
IMG_7636.JPG,2013:08:09 03:33:54
IMG_7637.JPG,2013:08:09 03:33:54
IMG_7638.JPG,2013:08:09 03:33:57
IMG_7639.JPG,2013:08:09 03:33:58
IMG_7640.JPG,2013:08:09 03:36:29
IMG_7641.JPG,2013:08:09 03:36:30
IMG_7642.JPG,2013:08:09 03:36:31
IMG_7643.JPG,2013:08:09 03:36:33
IMG_7644.JPG,2013:08:09 03:36:34
IMG_7645.JPG,2013:08:09 03:36:35
IMG_7646.JPG,2013:08:09 03:36:36
IMG_7647.JPG,2013:08:09 03:36:37
IMG_7648.JPG,2013:08:09 03:37:45
IMG_7649.JPG,2013:08:09 03:37:46
IMG_7650.JPG,2013:08:09 03:37:48
IMG_7651.JPG,2013:08:09 03:37:49
IMG_7652.JPG,2013:08:09 03:40:19
IMG_7653.JPG,2013:08:09 03:40:21
IMG_7654.JPG,2013:08:09 03:40:22
IMG_7655.JPG,2013:08:09 03:40:26
IMG_7656.JPG,2013:08:09 03:40:28
IMG_7657.JPG,2013:08:09 03:41:36
IMG_7658.JPG,2013:08:09 03:41:39
IMG_7659.JPG,2013:08:09 03:42:58
IMG_7660.JPG,2013:08:09 03:42:58
IMG_7661.JPG,2013:08:09 03:42:59
IMG_7662.JPG,2013:08:09 03:43:51
IMG_7663.JPG,2013:08:09 03:43:52
IMG_7664.JPG,2013:08:09 03:43:53
IMG_7665.JPG,2013:08:09 03:44:47
IMG_7666.JPG,2013:08:09 03:44:48
IMG_7667.JPG,2013:08:09 03:45:43
IMG_7668.JPG,2013:08:09 03:45:44
IMG_7669.JPG,2013:08:09 03:46:30
IMG_7670.JPG,2013:08:09 03:47:22
IMG_7671.JPG,2013:08:09 03:47:23
IMG_7672.JPG,2013:08:09 03:47:24
IMG_7674.JPG,2013:08:09 03:49:23
IMG_7675.JPG,2013:08:09 03:49:25
IMG_7676.JPG,2013:08:09 03:49:26
IMG_7677.JPG,2013:08:09 03:50:06
IMG_7678.JPG,2013:08:09 03:50:11
IMG_7679.JPG,2013:08:09 03:50:55
IMG_7680.JPG,2013:08:09 03:50:56
IMG_7681.JPG,2013:08:09 03:50:58
IMG_7682.JPG,2013:08:09 03:52:04
IMG_7683.JPG,2013:08:09 03:52:06
IMG_7684.JPG,2013:08:09 03:52:08
IMG_7685.JPG,2013:08:09 03:52:59
IMG_7686.JPG,2013:08:09 03:53:00
IMG_7689.JPG,2013:08:09 03:54:17
IMG_7690.JPG,2013:08:09 03:54:25
IMG_7691.JPG,2013:08:09 03:54:33
IMG_7692.JPG,2013:08:09 03:54:41
IMG_7693.JPG,2013:08:09 03:54:46
IMG_7694.JPG,2013:08:09 03:55:14
IMG_7695.JPG,2013:08:09 03:55:29
IMG_7696.JPG,2013:08:09 03:55:36
IMG_7697.JPG,2013:08:09 03:55:42
IMG_7698.JPG,2013:08:09 03:55:48
IMG_7699.JPG,2013:08:09 04:01:01
IMG_7700.JPG,2013:08:09 04:01:02
IMG_7701.JPG,2013:08:09 04:01:04
IMG_7702.JPG,2013:08:09 04:03:19
IMG_7703.JPG,2013:08:09 04:03:19
IMG_7704.JPG,2013:08:09 04:03:21
IMG_7706.JPG,2013:08:09 04:05:09
IMG_7707.JPG,2013:08:09 04:05:12
IMG_7708.JPG,2013:08:09 04:05:13
IMG_7709.JPG,2013:08:09 04:05:15
IMG_7710.JPG,2013:08:09 04:07:09
IMG_7713.JPG,2013:08:09 04:09:25
IMG_7714.JPG,2013:08:09 04:09:31
IMG_7715.JPG,2013:08:09 04:09:49
IMG_7716.JPG,2013:08:09 04:09:56
IMG_7717.JPG,2013:08:09 04:10:08
IMG_7718.JPG,2013:08:09 04:10:16
IMG_7719.JPG,2013:08:09 04:10:23
IMG_7720.JPG,2013:08:09 04:10:45
IMG_7721.JPG,2013:08:09 04:11:41
IMG_7722.JPG,2013:08:09 04:11:49
IMG_7723.JPG,2013:08:09 04:16:11
IMG_7724.JPG,2013:08:09 04:16:36
IMG_7725.JPG,2013:08:09 04:20:32
IMG_7726.JPG,2013:08:09 04:20:42
IMG_7727.JPG,2013:08:09 04:21:01
IMG_7728.JPG,2013:08:09 04:21:07
IMG_7729.JPG,2013:08:09 04:21:28
IMG_7730.JPG,2013:08:09 04:24:04
IMG_7731.JPG,2013:08:09 04:24:17
IMG_7732.JPG,2013:08:09 04:27:34
IMG_7733.JPG,2013:08:09 04:28:49
IMG_7735.JPG,2013:08:09 04:29:07
IMG_7736.JPG,2013:08:09 04:29:08
IMG_7738.JPG,2013:08:09 04:31:35
IMG_7739.JPG,2013:08:09 04:31:36
IMG_7740.JPG,2013:08:09 04:31:38
IMG_7741.JPG,2013:08:09 04:31:39
IMG_7742.JPG,2013:08:09 04:32:22
IMG_7743.JPG,2013:08:09 04:32:23
IMG_7744.JPG,2013:08:09 04:32:25
IMG_7747.JPG,2013:08:09 04:33:49
IMG_7752.JPG,2013:08:09 04:36:08
IMG_7754.JPG,2013:08:09 04:36:59
IMG_7755.JPG,2013:08:09 04:37:03
IMG_7756.JPG,2013:08:09 04:37:23
IMG_7757.JPG,2013:08:09 04:37:57
IMG_7759.JPG,2013:08:09 04:37:59
IMG_7760.JPG,2013:08:09 04:38:01
IMG_7762.JPG,2013:08:09 04:38:03
IMG_7763.JPG,2013:08:09 04:38:48
IMG_7764.JPG,2013:08:09 04:38:51
IMG_7772.JPG,2013:08:09 04:41:27
IMG_7776.JPG,2013:08:09 04:42:08
IMG_7779.JPG,2013:08:09 04:42:18
IMG_7780.JPG,2013:08:09 04:42:51
IMG_7781.JPG,2013:08:09 04:42:56
IMG_7782.JPG,2013:08:09 04:42:58
IMG_7783.JPG,2013:08:09 04:43:01
IMG_7784.JPG,2013:08:09 04:43:57
IMG_7790.JPG,2013:08:09 04:45:45
IMG_7791.JPG,2013:08:09 04:45:46
IMG_7793.JPG,2013:08:09 04:45:55
IMG_7794.JPG,2013:08:09 04:46:29
IMG_7795.JPG,2013:08:09 04:46:35
IMG_7796.JPG,2013:08:09 04:46:39
IMG_7797.JPG,2013:08:09 04:46:45
IMG_7798.JPG,2013:08:09 04:46:46
IMG_7799.JPG,2013:08:09 04:47:18
IMG_7800.JPG,2013:08:09 04:47:18
IMG_7801.JPG,2013:08:09 04:47:31
IMG_7803.JPG,2013:08:09 04:48:19
IMG_7804.JPG,2013:08:09 04:48:24
IMG_7805.JPG,2013:08:09 04:48:29
IMG_7807.JPG,2013:08:09 04:49:02
IMG_7809.JPG,2013:08:09 04:51:06
IMG_7810.JPG,2013:08:09 04:51:14
IMG_7812.JPG,2013:08:09 04:51:22
IMG_7815.JPG,2013:08:09 04:52:44
IMG_7816.JPG,2013:08:09 04:56:10
IMG_7817.JPG,2013:08:09 04:56:14
IMG_7818.JPG,2013:08:09 04:56:15
IMG_7819.JPG,2013:08:09 04:56:19
IMG_7822.JPG,2013:08:09 04:59:00
IMG_7823.JPG,2013:08:09 04:59:10
IMG_7824.JPG,2013:08:09 04:59:11
IMG_7825.JPG,2013:08:09 04:59:12
IMG_7826.JPG,2013:08:09 04:59:29
IMG_7832.JPG,2013:08:09 05:05:21
IMG_7833.JPG,2013:08:09 05:06:02
IMG_7835.JPG,2013:08:09 05:06:05
IMG_7837.JPG,2013:08:09 05:06:07
IMG_7839.JPG,2013:08:09 05:07:41
IMG_7840.JPG,2013:08:09 05:07:43
IMG_7842.JPG,2013:08:09 05:09:04
IMG_7843.JPG,2013:08:09 05:09:05
IMG_7844.JPG,2013:08:09 05:10:14
IMG_7845.JPG,2013:08:09 05:19:58
IMG_7846.JPG,2013:08:09 05:20:22
IMG_7847.JPG,2013:08:09 05:22:29
IMG_7848.JPG,2013:08:09 05:22:46
IMG_7849.JPG,2013:08:09 05:22:48
IMG_7851.JPG,2013:08:09 14:42:49
IMG_7852.JPG,2013:08:09 14:43:02
IMG_7853.JPG,2013:08:09 15:22:02
IMG_7854.JPG,2013:08:09 15:23:58
IMG_7855.JPG,2013:08:09 15:28:15
IMG_7856.JPG,2013:08:09 15:30:10
IMG_7857.JPG,2013:08:09 15:30:48
IMG_7858.JPG,2013:08:09 15:31:11
IMG_7859.JPG,2013:08:09 15:31:34
IMG_7860.JPG,2013:08:09 15:31:42
IMG_7861.JPG,2013:08:09 15:33:13
IMG_7863.JPG,2013:08:09 15:33:27
IMG_7864.JPG,2013:08:09 15:33:30
IMG_7865.JPG,2013:08:09 15:36:48
IMG_7866.JPG,2013:08:09 15:38:03
IMG_7867.JPG,2013:08:09 15:38:10
IMG_7868.JPG,2013:08:09 15:38:54
IMG_7869.JPG,2013:08:09 15:40:50
IMG_7872.JPG,2013:08:09 15:41:21
IMG_7873.JPG,2013:08:09 15:51:29
IMG_7874.JPG,2013:08:09 15:51:33
IMG_7875.JPG,2013:08:09 15:53:49
IMG_7876.JPG,2013:08:09 15:53:50
IMG_7877.JPG,2013:08:09 15:53:54
IMG_7878.JPG,2013:08:09 15:54:51
IMG_7879.JPG,2013:08:09 15:55:02
IMG_7882.JPG,2013:08:09 15:56:49
IMG_7883.JPG,2013:08:09 16:10:03
IMG_7884.JPG,2013:08:09 16:25:49
IMG_7885.JPG,2013:08:09 16:26:47
IMG_7886.JPG,2013:08:09 16:29:44
IMG_7892.JPG,2013:08:09 16:36:36
IMG_7893.JPG,2013:08:09 16:38:39
IMG_7894.JPG,2013:08:09 16:41:21
IMG_7897.JPG,2013:08:09 16:41:55
IMG_7898.JPG,2013:08:09 16:42:16
IMG_7899.JPG,2013:08:09 16:42:48
IMG_7901.JPG,2013:08:09 16:47:00
IMG_7902.JPG,2013:08:09 16:49:31
IMG_7903.JPG,2013:08:09 16:49:36
IMG_7904.JPG,2013:08:09 16:50:03
IMG_7905.JPG,2013:08:09 16:50:29
IMG_7906.JPG,2013:08:09 16:51:39
IMG_7907.JPG,2013:08:09 16:52:17
IMG_7908.JPG,2013:08:09 16:52:25
IMG_7909.JPG,2013:08:09 16:55:57
IMG_7910.JPG,2013:08:09 16:57:25
IMG_7911.JPG,2013:08:09 16:57:31
IMG_7912.JPG,2013:08:09 16:57:34
IMG_7913.JPG,2013:08:09 16:59:42
IMG_7915.JPG,2013:08:09 17:02:39
IMG_7917.JPG,2013:08:09 17:29:07
IMG_7918.JPG,2013:08:09 17:33:47
IMG_7919.JPG,2013:08:09 17:33:57
IMG_7920.JPG,2013:08:09 17:34:06
IMG_7921.JPG,2013:08:09 17:34:24
IMG_7922.JPG,2013:08:09 17:35:15
IMG_7923.JPG,2013:08:09 17:36:19
IMG_7924.JPG,2013:08:09 17:41:36
IMG_7925.JPG,2013:08:09 17:42:39
IMG_7926.JPG,2013:08:09 17:43:33
IMG_7927.JPG,2013:08:09 17:44:27
IMG_7928.JPG,2013:08:09 17:44:34
IMG_7929.JPG,2013:08:09 17:46:47
IMG_7930.JPG,2013:08:09 17:47:13
IMG_7931.JPG,2013:08:09 17:47:22
IMG_7932.JPG,2013:08:09 17:47:36
IMG_7933.JPG,2013:08:09 17:47:46
IMG_7934.JPG,2013:08:09 17:48:08
IMG_7935.JPG,2013:08:09 17:48:19
IMG_7936.JPG,2013:08:09 17:49:30
IMG_7937.JPG,2013:08:09 17:50:03
IMG_7938.JPG,2013:08:09 17:50:17
IMG_7939.JPG,2013:08:09 17:50:24
IMG_7940.JPG,2013:08:09 17:50:40
IMG_7941.JPG,2013:08:09 17:50:52
IMG_7942.JPG,2013:08:09 17:51:19
IMG_7943.JPG,2013:08:09 17:51:26
IMG_7944.JPG,2013:08:09 17:51:36
IMG_7945.JPG,2013:08:09 17:52:27
IMG_7946.JPG,2013:08:09 17:54:06
IMG_7947.JPG,2013:08:09 17:54:38
IMG_7948.JPG,2013:08:09 17:55:07
IMG_7949.JPG,2013:08:09 17:55:23
IMG_7950.JPG,2013:08:09 17:55:37
IMG_7951.JPG,2013:08:09 17:56:19
IMG_7952.JPG,2013:08:09 17:57:02
IMG_7953.JPG,2013:08:09 17:58:41
IMG_7954.JPG,2013:08:09 17:59:06
IMG_7955.JPG,2013:08:09 18:00:42
IMG_7956.JPG,2013:08:09 18:01:04
IMG_7957.JPG,2013:08:09 18:01:33
IMG_7958.JPG,2013:08:09 18:03:07
IMG_7959.JPG,2013:08:09 18:03:15
IMG_7960.JPG,2013:08:09 18:03:35
IMG_7962.JPG,2013:08:09 18:05:57
IMG_7963.JPG,2013:08:09 18:06:08
IMG_7964.JPG,2013:08:09 18:08:09
IMG_7965.JPG,2013:08:09 18:09:35
IMG_7966.JPG,2013:08:09 18:10:18
IMG_7967.JPG,2013:08:09 18:10:25
IMG_7968.JPG,2013:08:09 18:10:29
IMG_7969.JPG,2013:08:09 18:10:37
IMG_7970.JPG,2013:08:09 18:10:52
IMG_7971.JPG,2013:08:09 18:11:36
IMG_7972.JPG,2013:08:09 18:12:19
IMG_7973.JPG,2013:08:09 18:12:29
IMG_7974.JPG,2013:08:09 18:13:00
IMG_7975.JPG,2013:08:09 18:13:25
IMG_7976.JPG,2013:08:09 18:13:52
IMG_7977.JPG,2013:08:09 18:14:13
IMG_7978.JPG,2013:08:09 18:14:23
IMG_7979.JPG,2013:08:09 18:20:58
IMG_7981.JPG,2013:08:09 18:21:20
IMG_7983.JPG,2013:08:09 18:23:37
IMG_7984.JPG,2013:08:09 18:23:39
IMG_7985.JPG,2013:08:09 18:25:25
IMG_7986.JPG,2013:08:09 18:27:59
IMG_7987.JPG,2013:08:09 18:29:00
IMG_7988.JPG,2013:08:09 18:29:18
IMG_7989.JPG,2013:08:09 18:29:24
IMG_7990.JPG,2013:08:09 18:29:31
IMG_7991.JPG,2013:08:09 18:29:32
IMG_7992.JPG,2013:08:09 18:29:34
IMG_7993.JPG,2013:08:09 18:42:03
IMG_7994.JPG,2013:08:09 18:42:04
IMG_7995.JPG,2013:08:09 18:42:32
IMG_7998.JPG,2013:08:09 18:43:27
IMG_7999.JPG,2013:08:09 18:43:28
IMG_8000.JPG,2013:08:09 19:01:49
IMG_8001.JPG,2013:08:09 19:02:00
IMG_8002.JPG,2013:08:09 19:02:12
IMG_8003.JPG,2013:08:09 19:02:56
IMG_8004.JPG,2013:08:09 19:12:42
IMG_8005.JPG,2013:08:09 19:12:44
IMG_8006.JPG,2013:08:09 19:41:43
IMG_8007.JPG,2013:08:09 19:41:46
IMG_8008.JPG,2013:08:09 19:44:14
IMG_8009.JPG,2013:08:09 19:44:22
IMG_8010.JPG,2013:08:09 19:44:28
IMG_8011.JPG,2013:08:09 20:13:25
IMG_8012.JPG,2013:08:09 20:13:28
IMG_8014.JPG,2013:08:09 20:15:21
IMG_8015.JPG,2013:08:09 20:15:31
IMG_8016.JPG,2013:08:09 21:58:47
IMG_8017.JPG,2013:08:09 21:59:22
IMG_8018.JPG,2013:08:09 21:59:28
IMG_8019.JPG,2013:08:09 22:34:39
IMG_8020.JPG,2013:08:09 22:37:56
IMG_8021.JPG,2013:08:09 22:38:07
IMG_8022.JPG,2013:08:09 22:38:32
IMG_8023.JPG,2013:08:09 22:38:39
IMG_8025.JPG,2013:08:09 22:39:09
IMG_8026.JPG,2013:08:09 22:39:25
IMG_8027.JPG,2013:08:09 22:39:33
IMG_8028.JPG,2013:08:09 22:39:59
IMG_8029.JPG,2013:08:09 22:40:07
IMG_8030.JPG,2013:08:09 22:40:21
IMG_8031.JPG,2013:08:09 22:40:37
IMG_8032.JPG,2013:08:09 22:41:05
IMG_8033.JPG,2013:08:09 22:41:15
IMG_8034.JPG,2013:08:09 22:41:30
IMG_8035.JPG,2013:08:09 22:42:03
IMG_8036.JPG,2013:08:09 22:42:45
IMG_8037.JPG,2013:08:09 22:43:06
IMG_8038.JPG,2013:08:09 22:43:30
IMG_8039.JPG,2013:08:09 22:44:47
IMG_8040.JPG,2013:08:09 22:44:59
IMG_8041.JPG,2013:08:09 22:45:24
IMG_8042.JPG,2013:08:09 22:45:48
IMG_8043.JPG,2013:08:09 22:45:58
IMG_8044.JPG,2013:08:09 22:46:06
IMG_8045.JPG,2013:08:09 22:46:36
IMG_8046.JPG,2013:08:09 22:46:44
IMG_8047.JPG,2013:08:09 22:46:53
IMG_8048.JPG,2013:08:09 22:47:11
IMG_8049.JPG,2013:08:09 22:47:16
IMG_8050.JPG,2013:08:09 22:47:27
IMG_8051.JPG,2013:08:09 22:47:44
IMG_8053.JPG,2013:08:09 22:48:02
IMG_8054.JPG,2013:08:09 22:48:21
IMG_8055.JPG,2013:08:09 22:48:37
IMG_8056.JPG,2013:08:09 22:48:52
IMG_8057.JPG,2013:08:09 22:49:10
IMG_8058.JPG,2013:08:09 22:49:38
IMG_8059.JPG,2013:08:09 22:49:43
IMG_8060.JPG,2013:08:09 22:50:35
IMG_8061.JPG,2013:08:09 22:51:07
IMG_8062.JPG,2013:08:09 22:51:37
IMG_8063.JPG,2013:08:09 22:55:25
IMG_8064.JPG,2013:08:09 22:55:29
IMG_8065.JPG,2013:08:09 22:55:38
IMG_8066.JPG,2013:08:09 22:56:39
IMG_8067.JPG,2013:08:09 22:56:46
IMG_8068.JPG,2013:08:09 22:57:04
IMG_8069.JPG,2013:08:09 22:58:49
IMG_8070.JPG,2013:08:09 22:59:03
IMG_8071.JPG,2013:08:09 23:00:51
IMG_8072.JPG,2013:08:09 23:02:26
IMG_8073.JPG,2013:08:09 23:03:45
IMG_8074.JPG,2013:08:09 23:04:00
IMG_8075.JPG,2013:08:09 23:04:21
IMG_8076.JPG,2013:08:09 23:04:28
IMG_8077.JPG,2013:08:09 23:04:40
IMG_8078.JPG,2013:08:09 23:04:57
IMG_8079.JPG,2013:08:09 23:05:19
IMG_8080.JPG,2013:08:09 23:05:25
IMG_8081.JPG,2013:08:09 23:05:33
IMG_8082.JPG,2013:08:09 23:05:44
IMG_8083.JPG,2013:08:09 23:05:55
IMG_8084.JPG,2013:08:09 23:06:28
IMG_8085.JPG,2013:08:09 23:06:50
IMG_8086.JPG,2013:08:09 23:07:14
IMG_8087.JPG,2013:08:09 23:07:29
IMG_8088.JPG,2013:08:09 23:08:02
IMG_8089.JPG,2013:08:09 23:08:30
IMG_8090.JPG,2013:08:09 23:08:49
IMG_8091.JPG,2013:08:09 23:09:48
IMG_8092.JPG,2013:08:09 23:10:33
IMG_8093.JPG,2013:08:09 23:10:58
IMG_8094.JPG,2013:08:09 23:11:21
IMG_8095.JPG,2013:08:09 23:11:31
IMG_8096.JPG,2013:08:09 23:11:43
IMG_8097.JPG,2013:08:09 23:12:14
IMG_8098.JPG,2013:08:09 23:13:04
IMG_8099.JPG,2013:08:09 23:13:14
IMG_8100.JPG,2013:08:09 23:13:35
IMG_8101.JPG,2013:08:09 23:13:53
IMG_8102.JPG,2013:08:09 23:14:48
IMG_8103.JPG,2013:08:09 23:15:21
IMG_8104.JPG,2013:08:09 23:15:39
IMG_8105.JPG,2013:08:09 23:15:58
IMG_8106.JPG,2013:08:09 23:16:29
IMG_8107.JPG,2013:08:09 23:16:32
IMG_8108.JPG,2013:08:09 23:16:39
IMG_8109.JPG,2013:08:09 23:16:53
IMG_8110.JPG,2013:08:09 23:28:05
IMG_8111.JPG,2013:08:09 23:28:23
IMG_8112.JPG,2013:08:09 23:28:24
IMG_8113.JPG,2013:08:09 23:28:31
IMG_8114.JPG,2013:08:09 23:28:44
IMG_8115.JPG,2013:08:09 23:28:45
IMG_8116.JPG,2013:08:09 23:35:37
IMG_8117.JPG,2013:08:09 23:35:38
IMG_8118.JPG,2013:08:09 23:35:39
IMG_8119.JPG,2013:08:09 23:35:48
IMG_8120.JPG,2013:08:09 23:35:53
IMG_8123.JPG,2013:08:10 00:33:42
IMG_8124.JPG,2013:08:10 00:34:40
IMG_8125.JPG,2013:08:10 00:35:58
IMG_8126.JPG,2013:08:10 00:36:07
IMG_8127.JPG,2013:08:10 00:36:22
IMG_8128.JPG,2013:08:10 00:36:34
IMG_8129.JPG,2013:08:10 00:39:47
IMG_8130.JPG,2013:08:10 00:41:08
IMG_8131.JPG,2013:08:10 00:41:27
IMG_8132.JPG,2013:08:10 00:41:53
IMG_8133.JPG,2013:08:10 00:42:13
IMG_8134.JPG,2013:08:10 00:42:22
IMG_8135.JPG,2013:08:10 00:42:50
IMG_8136.JPG,2013:08:10 00:43:19
IMG_8137.JPG,2013:08:10 00:43:22
IMG_8138.JPG,2013:08:10 00:43:44
IMG_8139.JPG,2013:08:10 00:43:53
IMG_8140.JPG,2013:08:10 00:44:31
IMG_8141.JPG,2013:08:10 00:46:00
IMG_8142.JPG,2013:08:10 00:46:16
IMG_8143.JPG,2013:08:10 00:46:40
IMG_8144.JPG,2013:08:10 00:47:20
IMG_8146.JPG,2013:08:10 00:47:49
IMG_8147.JPG,2013:08:10 00:47:52
IMG_8148.JPG,2013:08:10 00:48:16
IMG_8149.JPG,2013:08:10 00:48:29
IMG_8151.JPG,2013:08:10 00:52:10
IMG_8152.JPG,2013:08:10 00:52:22
IMG_8153.JPG,2013:08:10 00:52:44
IMG_8154.JPG,2013:08:10 00:52:54
IMG_8155.JPG,2013:08:10 00:52:56
IMG_8156.JPG,2013:08:10 00:52:57
IMG_8157.JPG,2013:08:10 00:52:58
IMG_8158.JPG,2013:08:10 00:53:00
IMG_8159.JPG,2013:08:10 00:53:01
IMG_8160.JPG,2013:08:10 00:53:13
IMG_8161.JPG,2013:08:10 00:53:20
IMG_8162.JPG,2013:08:10 00:53:36
IMG_8163.JPG,2013:08:10 00:53:40
IMG_8164.JPG,2013:08:10 00:54:13
IMG_8165.JPG,2013:08:10 00:54:19
IMG_8166.JPG,2013:08:10 00:55:12
IMG_8167.JPG,2013:08:10 00:55:18
IMG_8168.JPG,2013:08:10 00:55:30
IMG_8169.JPG,2013:08:10 00:55:31
IMG_8170.JPG,2013:08:10 00:55:32
IMG_8171.JPG,2013:08:10 00:55:33
IMG_8172.JPG,2013:08:10 00:55:35
IMG_8173.JPG,2013:08:10 00:55:36
IMG_8174.JPG,2013:08:10 00:55:39
IMG_8175.JPG,2013:08:10 00:55:40
IMG_8176.JPG,2013:08:10 00:55:41
IMG_8177.JPG,2013:08:10 00:55:42
IMG_8178.JPG,2013:08:10 00:55:44
IMG_8179.JPG,2013:08:10 00:55:44
IMG_8180.JPG,2013:08:10 00:55:48
IMG_8181.JPG,2013:08:10 00:56:00
IMG_8182.JPG,2013:08:10 00:56:26
IMG_8183.JPG,2013:08:10 00:56:56
IMG_8184.JPG,2013:08:10 00:57:10
IMG_8185.JPG,2013:08:10 00:57:28
IMG_8186.JPG,2013:08:10 00:57:41
IMG_8187.JPG,2013:08:10 00:58:17
IMG_8188.JPG,2013:08:10 00:58:46
IMG_8189.JPG,2013:08:10 00:59:56
IMG_8190.JPG,2013:08:10 01:05:39
IMG_8191.JPG,2013:08:10 01:05:50
IMG_8192.JPG,2013:08:10 01:31:57
IMG_8193.JPG,2013:08:10 01:32:01
IMG_8194.JPG,2013:08:10 01:32:16
IMG_8195.JPG,2013:08:10 01:32:29
IMG_8196.JPG,2013:08:10 01:32:31
IMG_8197.JPG,2013:08:10 01:32:37
IMG_8198.JPG,2013:08:10 01:34:04
IMG_8199.JPG,2013:08:10 01:34:06
IMG_8200.JPG,2013:08:10 01:34:10
IMG_8201.JPG,2013:08:10 01:34:13
IMG_8202.JPG,2013:08:10 01:34:14
IMG_8203.JPG,2013:08:10 01:34:29
IMG_8204.JPG,2013:08:10 01:34:33
IMG_8205.JPG,2013:08:10 01:34:36
IMG_8206.JPG,2013:08:10 01:35:49
IMG_8207.JPG,2013:08:10 01:35:54
IMG_8208.JPG,2013:08:10 01:36:13
IMG_8209.JPG,2013:08:10 01:36:26
IMG_8210.JPG,2013:08:10 01:36:38
IMG_8211.JPG,2013:08:10 01:37:03
IMG_8212.JPG,2013:08:10 01:37:32
IMG_8213.JPG,2013:08:10 01:37:41
IMG_8214.JPG,2013:08:10 01:37:48
IMG_8215.JPG,2013:08:10 01:38:13
IMG_8216.JPG,2013:08:10 01:38:23
IMG_8217.JPG,2013:08:10 01:38:45
IMG_8218.JPG,2013:08:10 01:38:51
IMG_8219.JPG,2013:08:10 01:38:56
IMG_8220.JPG,2013:08:10 01:39:14
IMG_8221.JPG,2013:08:10 01:39:27
IMG_8222.JPG,2013:08:10 01:39:53
IMG_8223.JPG,2013:08:10 01:40:06
IMG_8224.JPG,2013:08:10 01:40:16
IMG_8225.JPG,2013:08:10 01:40:31
IMG_8226.JPG,2013:08:10 01:40:36
IMG_8227.JPG,2013:08:10 01:41:18
IMG_8228.JPG,2013:08:10 01:41:35
IMG_8229.JPG,2013:08:10 01:41:39
IMG_8230.JPG,2013:08:10 01:43:24
IMG_8231.JPG,2013:08:10 01:43:40
IMG_8232.JPG,2013:08:10 01:44:05
IMG_8233.JPG,2013:08:10 01:44:29
IMG_8234.JPG,2013:08:10 01:44:50
IMG_8235.JPG,2013:08:10 01:44:59
IMG_8236.JPG,2013:08:10 01:45:36
IMG_8237.JPG,2013:08:10 01:46:00
IMG_8238.JPG,2013:08:10 01:47:12
IMG_8239.JPG,2013:08:10 01:48:15
IMG_8240.JPG,2013:08:10 01:48:19
IMG_8241.JPG,2013:08:10 01:48:21
IMG_8242.JPG,2013:08:10 01:48:25
IMG_8243.JPG,2013:08:10 01:48:59
IMG_8244.JPG,2013:08:10 01:50:39
IMG_8245.JPG,2013:08:10 01:50:47
IMG_8246.JPG,2013:08:10 01:51:02
IMG_8247.JPG,2013:08:10 01:51:16
IMG_8248.JPG,2013:08:10 01:51:51
IMG_8249.JPG,2013:08:10 02:09:35
IMG_8250.JPG,2013:08:10 02:10:12
IMG_8251.JPG,2013:08:10 02:12:04
IMG_8252.JPG,2013:08:10 02:12:05
IMG_8253.JPG,2013:08:10 02:12:27
IMG_8254.JPG,2013:08:10 02:17:38
IMG_8255.JPG,2013:08:10 02:17:41
IMG_8256.JPG,2013:08:10 02:17:43
IMG_8257.JPG,2013:08:10 02:17:45
IMG_8258.JPG,2013:08:10 02:17:47
IMG_8259.JPG,2013:08:10 02:17:49
IMG_8260.JPG,2013:08:10 02:17:49
IMG_8261.JPG,2013:08:10 02:17:51
IMG_8262.JPG,2013:08:10 02:17:52
IMG_8263.JPG,2013:08:10 02:17:54
IMG_8264.JPG,2013:08:10 02:17:54
IMG_8265.JPG,2013:08:10 02:18:02
IMG_8266.JPG,2013:08:10 02:18:05
IMG_8267.JPG,2013:08:10 02:18:08
IMG_8268.JPG,2013:08:10 02:18:14
IMG_8269.JPG,2013:08:10 02:18:18
IMG_8270.JPG,2013:08:10 02:18:44
IMG_8271.JPG,2013:08:10 02:18:48
IMG_8272.JPG,2013:08:10 02:19:52
IMG_8273.JPG,2013:08:10 02:22:19
IMG_8274.JPG,2013:08:10 02:42:18
IMG_8276.JPG,2013:08:10 03:37:48
IMG_8277.JPG,2013:08:10 03:38:00
IMG_8278.JPG,2013:08:10 03:38:20
IMG_8279.JPG,2013:08:10 03:39:57
IMG_8280.JPG,2013:08:10 03:40:02
IMG_8283.JPG,2013:08:10 03:40:37
IMG_8284.JPG,2013:08:10 03:48:32
IMG_8287.JPG,2013:08:10 03:51:44
IMG_8288.JPG,2013:08:10 04:08:39
IMG_8289.JPG,2013:08:10 04:09:08
IMG_8290.JPG,2013:08:10 04:09:24
IMG_8291.JPG,2013:08:10 04:09:37
IMG_8292.JPG,2013:08:10 04:09:47
IMG_8293.JPG,2013:08:10 04:12:06
IMG_8295.JPG,2013:08:10 05:10:07
IMG_8296.JPG,2013:08:10 05:10:21
IMG_8305.JPG,2013:08:10 17:28:06
IMG_8315.JPG,2013:08:10 17:38:42
IMG_8321.JPG,2013:08:10 17:48:38
IMG_8339.JPG,2013:08:10 19:09:57
IMG_8343.JPG,2013:08:10 19:10:54
IMG_8356.JPG,2013:08:10 19:17:26
IMG_8358.JPG,2013:08:10 19:18:45
IMG_8359.JPG,2013:08:10 19:21:02
IMG_8360.JPG,2013:08:10 19:21:28
IMG_8368.JPG,2013:08:10 19:29:55
IMG_8370.JPG,2013:08:10 19:59:09
IMG_8379.JPG,2013:08:10 22:16:11
IMG_8380.JPG,2013:08:10 22:17:47
IMG_8381.JPG,2013:08:10 22:18:07
IMG_8382.JPG,2013:08:10 22:23:34
IMG_8383.JPG,2013:08:10 23:09:06
IMG_8384.JPG,2013:08:10 23:10:35
IMG_8385.JPG,2013:08:10 23:10:51
IMG_8386.JPG,2013:08:10 23:15:45
IMG_8389.JPG,2013:08:10 23:27:10
IMG_8390.JPG,2013:08:10 23:27:26
IMG_8391.JPG,2013:08:10 23:29:55
IMG_8392.JPG,2013:08:11 00:30:43
IMG_8394.JPG,2013:08:11 01:32:23
IMG_8396.JPG,2013:08:11 02:00:19
IMG_8397.JPG,2013:08:11 02:00:55
IMG_8398.JPG,2013:08:11 02:04:21
IMG_8399.JPG,2013:08:11 02:05:15
IMG_8400.JPG,2013:08:11 02:06:31
IMG_8401.JPG,2013:08:11 02:07:29
IMG_8402.JPG,2013:08:11 02:08:06
IMG_8403.JPG,2013:08:11 02:09:11
IMG_8404.JPG,2013:08:11 02:10:11
IMG_8406.JPG,2013:08:11 02:10:40
IMG_8407.JPG,2013:08:11 02:11:27
IMG_8408.JPG,2013:08:11 02:11:46
IMG_8409.JPG,2013:08:11 02:11:51
IMG_8410.JPG,2013:08:11 02:11:55
IMG_8413.JPG,2013:08:11 02:13:22
IMG_8415.JPG,2013:08:11 02:16:25
IMG_8416.JPG,2013:08:11 02:16:55
IMG_8417.JPG,2013:08:11 02:17:16
IMG_8418.JPG,2013:08:11 02:17:32
IMG_8421.JPG,2013:08:11 02:19:24
IMG_8422.JPG,2013:08:11 02:20:16
IMG_8423.JPG,2013:08:11 02:20:52
IMG_8424.JPG,2013:08:11 02:21:23
IMG_8425.JPG,2013:08:11 02:22:48
IMG_8426.JPG,2013:08:11 02:28:43
IMG_8429.JPG,2013:08:11 02:32:48
IMG_8430.JPG,2013:08:11 02:36:13
IMG_8432.JPG,2013:08:11 02:38:25
IMG_8433.JPG,2013:08:11 02:39:11
IMG_8436.JPG,2013:08:11 02:40:56
IMG_8437.JPG,2013:08:11 02:43:17
IMG_8440.JPG,2013:08:11 02:51:23
IMG_8441.JPG,2013:08:11 02:51:56
IMG_8442.JPG,2013:08:11 02:53:40
IMG_8445.JPG,2013:08:11 02:56:21
IMG_8446.JPG,2013:08:11 02:57:43
IMG_8447.JPG,2013:08:11 03:10:47
IMG_8448.JPG,2013:08:11 03:11:15
IMG_8449.JPG,2013:08:11 03:11:50
IMG_8450.JPG,2013:08:11 03:12:20
IMG_8451.JPG,2013:08:11 03:13:30
IMG_8452.JPG,2013:08:11 03:14:47
IMG_8453.JPG,2013:08:11 03:15:33
IMG_8457.JPG,2013:08:11 03:30:50
IMG_8458.JPG,2013:08:11 03:32:31
IMG_8459.JPG,2013:08:11 03:35:31
IMG_8460.JPG,2013:08:11 03:42:29
IMG_8461.JPG,2013:08:11 03:52:16
IMG_8462.JPG,2013:08:11 03:52:39
IMG_8463.JPG,2013:08:11 03:52:52
IMG_8464.JPG,2013:08:11 03:53:04
IMG_8465.JPG,2013:08:11 03:54:19
IMG_8466.JPG,2013:08:11 03:57:14
IMG_8472.JPG,2013:08:11 04:02:59
IMG_8480.JPG,2013:08:11 04:12:21
IMG_8487.JPG,2013:08:11 04:15:08
IMG_8489.JPG,2013:08:11 17:58:02
IMG_8490.JPG,2013:08:11 17:58:32
IMG_8492.JPG,2013:08:11 17:59:01
IMG_8493.JPG,2013:08:11 17:59:20
IMG_8494.JPG,2013:08:11 18:15:07
IMG_8495.JPG,2013:08:11 18:16:14
IMG_8496.JPG,2013:08:11 18:16:27
IMG_8497.JPG,2013:08:11 18:16:51
IMG_8498.JPG,2013:08:11 18:17:15
IMG_8499.JPG,2013:08:11 18:17:49
IMG_8500.JPG,2013:08:11 18:18:10
IMG_8501.JPG,2013:08:11 18:18:42
IMG_8502.JPG,2013:08:11 18:19:10
IMG_8503.JPG,2013:08:11 18:44:32
IMG_8504.JPG,2013:08:11 18:46:14
IMG_8505.JPG,2013:08:11 18:46:19
IMG_8506.JPG,2013:08:11 18:49:05
IMG_8507.JPG,2013:08:11 18:49:22
IMG_8508.JPG,2013:08:11 18:52:11
IMG_8509.JPG,2013:08:11 18:52:59
IMG_8510.JPG,2013:08:11 19:05:34
IMG_8513.JPG,2013:08:11 19:06:12
IMG_8514.JPG,2013:08:11 19:06:21
IMG_8516.JPG,2013:08:11 19:07:04
IMG_8517.JPG,2013:08:11 19:07:32
IMG_8519.JPG,2013:08:11 19:08:23
IMG_8521.JPG,2013:08:11 19:09:19
IMG_8522.JPG,2013:08:11 19:11:34
IMG_8523.JPG,2013:08:11 19:12:02
IMG_8524.JPG,2013:08:11 19:17:34
IMG_8525.JPG,2013:08:11 19:18:21
IMG_8526.JPG,2013:08:11 19:18:28
IMG_8527.JPG,2013:08:11 19:22:28
IMG_8529.JPG,2013:08:11 19:50:31
IMG_8530.JPG,2013:08:11 19:50:40
IMG_8531.JPG,2013:08:11 19:50:44
IMG_8532.JPG,2013:08:11 19:52:01
IMG_8533.JPG,2013:08:11 19:52:02
IMG_8534.JPG,2013:08:11 19:54:53
IMG_8535.JPG,2013:08:11 19:55:07
IMG_8536.JPG,2013:08:11 19:55:12
IMG_8537.JPG,2013:08:11 19:56:26
IMG_8538.JPG,2013:08:11 19:56:27
IMG_8539.JPG,2013:08:11 19:57:04
IMG_8540.JPG,2013:08:11 19:57:07
IMG_8541.JPG,2013:08:11 19:57:14
IMG_8542.JPG,2013:08:11 19:57:16
IMG_8543.JPG,2013:08:11 19:58:11
IMG_8544.JPG,2013:08:11 19:58:14
IMG_8545.JPG,2013:08:11 19:58:19
IMG_8546.JPG,2013:08:11 19:59:48
IMG_8547.JPG,2013:08:11 19:59:52
IMG_8549.JPG,2013:08:11 20:02:03
IMG_8550.JPG,2013:08:11 20:02:15
IMG_8551.JPG,2013:08:11 20:02:18
IMG_8552.JPG,2013:08:11 20:03:16
IMG_8553.JPG,2013:08:11 20:04:08
IMG_8554.JPG,2013:08:11 20:04:37
IMG_8555.JPG,2013:08:11 20:04:46
IMG_8556.JPG,2013:08:11 20:04:51
IMG_8557.JPG,2013:08:11 20:06:08
IMG_8558.JPG,2013:08:11 20:06:15
IMG_8559.JPG,2013:08:11 20:06:16
IMG_8560.JPG,2013:08:11 20:06:20
IMG_8561.JPG,2013:08:11 20:08:56
IMG_8562.JPG,2013:08:11 20:09:10
IMG_8563.JPG,2013:08:11 20:13:05
IMG_8564.JPG,2013:08:11 20:13:11
IMG_8565.JPG,2013:08:11 20:13:19
IMG_8566.JPG,2013:08:11 20:15:20
IMG_8567.JPG,2013:08:11 20:15:49
IMG_8568.JPG,2013:08:11 20:22:14
IMG_8569.JPG,2013:08:11 20:22:36
IMG_8570.JPG,2013:08:11 20:23:02
IMG_8572.JPG,2013:08:11 20:59:19
IMG_8574.JPG,2013:08:11 21:01:28
IMG_8575.JPG,2013:08:11 21:02:58
IMG_8579.JPG,2013:08:11 21:08:36
IMG_8580.JPG,2013:08:11 21:08:36
IMG_8582.JPG,2013:08:11 21:19:56
IMG_8583.JPG,2013:08:11 21:20:19
IMG_8584.JPG,2013:08:11 21:20:54
IMG_8585.JPG,2013:08:11 21:20:55
IMG_8586.JPG,2013:08:11 21:26:16
IMG_8587.JPG,2013:08:11 21:27:18
IMG_8590.JPG,2013:08:11 21:56:31
IMG_8594.JPG,2013:08:11 22:49:39
IMG_8602.JPG,2013:08:11 22:51:23
IMG_8607.JPG,2013:08:11 22:52:04
IMG_8618.JPG,2013:08:11 23:04:11
IMG_8626.JPG,2013:08:11 23:07:38
IMG_8627.JPG,2013:08:11 23:13:44
IMG_8628.JPG,2013:08:11 23:14:15
IMG_8630.JPG,2013:08:11 23:20:55
IMG_8631.JPG,2013:08:12 00:18:16
IMG_8632.JPG,2013:08:12 00:18:39
IMG_8633.JPG,2013:08:12 00:19:05
IMG_8634.JPG,2013:08:12 00:19:32
IMG_8635.JPG,2013:08:12 00:19:36
IMG_8636.JPG,2013:08:12 00:20:46
IMG_8637.JPG,2013:08:12 00:21:00
IMG_8638.JPG,2013:08:12 01:04:39
IMG_8639.JPG,2013:08:12 01:26:04
IMG_8640.JPG,2013:08:12 01:26:38
IMG_8641.JPG,2013:08:12 01:26:51
IMG_8642.JPG,2013:08:12 01:27:13
IMG_8643.JPG,2013:08:12 01:27:26
IMG_8644.JPG,2013:08:12 01:28:08
IMG_8645.JPG,2013:08:12 01:30:16
IMG_8646.JPG,2013:08:12 01:31:06
IMG_8647.JPG,2013:08:12 01:31:50
IMG_8648.JPG,2013:08:12 01:32:07
IMG_8649.JPG,2013:08:12 01:32:24
IMG_8650.JPG,2013:08:12 01:32:35
IMG_8651.JPG,2013:08:12 01:33:25
IMG_8652.JPG,2013:08:12 01:33:27
IMG_8653.JPG,2013:08:12 01:33:31
IMG_8654.JPG,2013:08:12 01:33:36
IMG_8655.JPG,2013:08:12 01:34:27
IMG_8656.JPG,2013:08:12 01:34:58
IMG_8657.JPG,2013:08:12 01:35:17
IMG_8658.JPG,2013:08:12 01:36:02
IMG_8659.JPG,2013:08:12 01:36:46
IMG_8660.JPG,2013:08:12 01:37:13
IMG_8661.JPG,2013:08:12 01:37:52
IMG_8662.JPG,2013:08:12 01:38:57
IMG_8663.JPG,2013:08:12 01:40:48
IMG_8664.JPG,2013:08:12 01:40:58
IMG_8665.JPG,2013:08:12 01:41:39
IMG_8666.JPG,2013:08:12 01:42:41
IMG_8667.JPG,2013:08:12 01:43:41
IMG_8668.JPG,2013:08:12 01:43:59
IMG_8669.JPG,2013:08:12 01:44:06
IMG_8670.JPG,2013:08:12 01:44:24
IMG_8671.JPG,2013:08:12 01:44:42
IMG_8672.JPG,2013:08:12 01:45:33
IMG_8673.JPG,2013:08:12 01:45:39
IMG_8674.JPG,2013:08:12 01:46:05
IMG_8675.JPG,2013:08:12 01:46:14
IMG_8676.JPG,2013:08:12 01:46:59
IMG_8677.JPG,2013:08:12 01:47:14
IMG_8678.JPG,2013:08:12 01:47:34
IMG_8679.JPG,2013:08:12 01:48:11
IMG_8680.JPG,2013:08:12 01:48:43
IMG_8681.JPG,2013:08:12 01:49:09
IMG_8682.JPG,2013:08:12 01:49:19
IMG_8683.JPG,2013:08:12 03:29:37
IMG_8684.JPG,2013:08:12 03:29:43
IMG_8685.JPG,2013:08:12 03:33:31
IMG_8688.JPG,2013:08:12 03:46:07
IMG_8690.JPG,2013:08:12 06:34:02
IMG_8693.JPG,2013:08:12 06:40:48
IMG_8695.JPG,2013:08:12 18:21:52
IMG_8696.JPG,2013:08:12 18:23:05
IMG_8697.JPG,2013:08:12 18:24:32
IMG_8698.JPG,2013:08:13 01:30:31
IMG_8699.JPG,2013:08:13 01:30:45
IMG_8700.JPG,2013:08:13 01:34:19
IMG_8701.JPG,2013:08:13 01:37:20
IMG_8702.JPG,2013:08:13 01:46:07
IMG_8703.JPG,2013:08:13 01:46:21
IMG_8704.JPG,2013:08:13 01:46:38
IMG_8706.JPG,2013:08:13 01:50:32
IMG_8707.JPG,2013:08:13 01:52:40
IMG_8708.JPG,2013:08:13 01:52:46
IMG_8709.JPG,2013:08:13 01:53:03
IMG_8710.JPG,2013:08:13 01:53:22
IMG_8711.JPG,2013:08:13 01:53:36
IMG_8712.JPG,2013:08:13 01:54:18
IMG_8713.JPG,2013:08:13 01:56:06
IMG_8714.JPG,2013:08:13 01:57:51
IMG_8715.JPG,2013:08:13 02:04:54
IMG_8716.JPG,2013:08:13 02:06:42
IMG_8717.JPG,2013:08:13 02:07:54
IMG_8719.JPG,2013:08:13 02:12:15
IMG_8720.JPG,2013:08:13 02:12:28
IMG_8722.JPG,2013:08:13 02:13:00
IMG_8723.JPG,2013:08:13 02:14:12
IMG_8724.JPG,2013:08:13 02:15:47
IMG_8725.JPG,2013:08:13 02:16:50
IMG_8726.JPG,2013:08:13 02:18:24
IMG_8727.JPG,2013:08:13 02:25:55
IMG_8728.JPG,2013:08:13 02:26:58
IMG_8729.JPG,2013:08:13 02:28:53
IMG_8730.JPG,2013:08:13 02:41:05
IMG_8731.JPG,2013:08:13 02:41:30
IMG_8732.JPG,2013:08:13 02:42:59
IMG_8733.JPG,2013:08:13 02:43:35
IMG_8734.JPG,2013:08:13 02:44:34
IMG_8735.JPG,2013:08:13 02:44:48
IMG_8736.JPG,2013:08:13 02:45:31
IMG_8737.JPG,2013:08:13 02:47:38
IMG_8738.JPG,2013:08:13 02:49:38
IMG_8739.JPG,2013:08:13 02:51:14
IMG_8740.JPG,2013:08:13 02:57:23
IMG_8741.JPG,2013:08:13 02:57:27
IMG_8742.JPG,2013:08:13 02:59:30
IMG_8743.JPG,2013:08:13 02:59:34
IMG_8745.JPG,2013:08:13 03:00:34
IMG_8746.JPG,2013:08:13 03:04:53
IMG_8747.JPG,2013:08:13 03:04:59
IMG_8748.JPG,2013:08:13 03:07:56
IMG_8749.JPG,2013:08:13 03:16:04
IMG_8750.JPG,2013:08:13 03:16:59
IMG_8751.JPG,2013:08:13 03:17:04
IMG_8752.JPG,2013:08:13 03:22:35
IMG_8753.JPG,2013:08:13 03:22:47
IMG_8754.JPG,2013:08:13 03:23:19
IMG_8755.JPG,2013:08:13 03:36:22
IMG_8756.JPG,2013:08:13 03:37:56
IMG_8757.JPG,2013:08:13 04:19:28
IMG_8758.JPG,2013:08:13 04:22:00
IMG_8759.JPG,2013:08:13 04:22:01
IMG_8760.JPG,2013:08:13 04:23:00
IMG_8761.JPG,2013:08:13 04:23:07
IMG_8762.JPG,2013:08:13 04:23:17
IMG_8763.JPG,2013:08:13 04:26:17
IMG_8764.JPG,2013:08:13 04:27:37
IMG_8765.JPG,2013:08:13 04:30:20
IMG_8766.JPG,2013:08:13 04:31:43
IMG_8767.JPG,2013:08:13 04:33:03
IMG_8768.JPG,2013:08:13 04:41:03
IMG_8769.JPG,2013:08:13 04:41:12
IMG_8771.JPG,2013:08:13 04:41:48
IMG_8772.JPG,2013:08:13 04:59:12
IMG_8773.JPG,2013:08:13 05:03:43
IMG_8774.JPG,2013:08:13 05:04:26
IMG_8775.JPG,2013:08:13 05:04:35
IMG_8776.JPG,2013:08:13 05:05:25
IMG_8777.JPG,2013:08:13 05:06:48
IMG_8778.JPG,2013:08:13 05:07:02
IMG_8780.JPG,2013:08:13 05:07:45
IMG_8781.JPG,2013:08:13 05:18:15
IMG_8782.JPG,2013:08:13 05:19:35
IMG_8783.JPG,2013:08:13 05:43:35
IMG_8785.JPG,2013:08:13 05:44:18
IMG_8786.JPG,2013:08:13 05:48:47
IMG_8787.JPG,2013:08:13 05:48:49
IMG_8788.JPG,2013:08:13 05:48:56
IMG_8789.JPG,2013:08:13 05:49:01
IMG_8790.JPG,2013:08:13 05:52:52
IMG_8791.JPG,2013:08:13 05:55:02
IMG_8792.JPG,2013:08:13 05:55:54
IMG_8793.JPG,2013:08:13 06:25:28
IMG_8794.JPG,2013:08:13 06:25:50
IMG_8795.JPG,2013:08:13 06:30:00
IMG_8796.JPG,2013:08:13 06:30:07
IMG_8797.JPG,2013:08:13 06:32:32
IMG_8798.JPG,2013:08:13 06:32:42
IMG_8799.JPG,2013:08:13 06:32:52
IMG_8800.JPG,2013:08:13 06:35:30
IMG_8801.JPG,2013:08:13 06:35:43
IMG_8802.JPG,2013:08:13 06:36:45
IMG_8803.JPG,2013:08:13 06:37:42
IMG_8805.JPG,2013:08:13 06:42:25
IMG_8806.JPG,2013:08:13 06:42:46
IMG_8807.JPG,2013:08:13 06:42:52
IMG_8809.JPG,2013:08:13 06:43:17
IMG_8810.JPG,2013:08:13 06:45:21
IMG_8811.JPG,2013:08:13 06:48:17
IMG_8812.JPG,2013:08:13 06:48:37
IMG_8813.JPG,2013:08:13 06:53:48
IMG_8814.JPG,2013:08:13 06:57:08
IMG_8815.JPG,2013:08:13 06:59:35
IMG_8816.JPG,2013:08:13 06:59:55
IMG_8817.JPG,2013:08:13 07:00:01
IMG_8818.JPG,2013:08:13 07:01:08
IMG_8819.JPG,2013:08:13 07:01:12
IMG_8820.JPG,2013:08:13 07:01:29
IMG_8821.JPG,2013:08:13 07:01:51
IMG_8822.JPG,2013:08:13 07:03:22
IMG_8823.JPG,2013:08:13 07:08:48
IMG_8824.JPG,2013:08:13 07:09:00
IMG_8825.JPG,2013:08:13 07:09:26
IMG_8826.JPG,2013:08:13 07:15:49
IMG_8827.JPG,2013:08:13 07:15:59
IMG_8829.JPG,2013:08:13 07:17:30
IMG_8830.JPG,2013:08:13 07:17:44
IMG_8831.JPG,2013:08:13 07:17:49
IMG_8832.JPG,2013:08:13 07:17:52
IMG_8833.JPG,2013:08:13 07:29:31
IMG_8834.JPG,2013:08:13 07:30:22
IMG_8835.JPG,2013:08:13 07:47:14
IMG_8836.JPG,2013:08:13 07:47:41
IMG_8837.JPG,2013:08:13 07:48:56
IMG_8838.JPG,2013:08:13 07:55:31
IMG_8839.JPG,2013:08:13 08:01:34
IMG_8840.JPG,2013:08:13 19:50:00
IMG_8841.JPG,2013:08:13 19:50:08
IMG_8842.JPG,2013:08:13 19:52:37
IMG_8843.JPG,2013:08:13 20:04:30
IMG_8844.JPG,2013:08:13 20:05:05
IMG_8845.JPG,2013:08:13 20:05:36
IMG_8846.JPG,2013:08:13 20:05:47
IMG_8847.JPG,2013:08:13 20:06:02
IMG_8848.JPG,2013:08:13 20:07:10
IMG_8849.JPG,2013:08:13 20:21:55
IMG_8850.JPG,2013:08:13 21:02:13
IMG_8851.JPG,2013:08:13 21:03:51
IMG_8852.JPG,2013:08:13 21:05:47
IMG_8853.JPG,2013:08:13 21:05:48
IMG_8854.JPG,2013:08:13 21:05:53
IMG_8855.JPG,2013:08:13 21:06:19
IMG_8856.JPG,2013:08:13 21:07:19
IMG_8857.JPG,2013:08:13 21:10:33
IMG_8860.JPG,2013:08:13 21:11:00
IMG_8862.JPG,2013:08:13 21:11:31
IMG_8863.JPG,2013:08:13 21:24:09
IMG_8867.JPG,2013:08:13 21:36:01
IMG_8868.JPG,2013:08:13 21:37:06
IMG_8869.JPG,2013:08:13 21:41:23
IMG_8870.JPG,2013:08:13 21:42:25
IMG_8872.JPG,2013:08:13 21:44:59
IMG_8873.JPG,2013:08:13 21:45:44
IMG_8876.JPG,2013:08:13 21:46:03
IMG_8877.JPG,2013:08:13 21:47:41
IMG_8878.JPG,2013:08:13 21:48:29
IMG_8879.JPG,2013:08:13 21:57:53
IMG_8880.JPG,2013:08:13 21:57:59
IMG_8881.JPG,2013:08:13 22:06:15
IMG_8882.JPG,2013:08:13 22:06:20
IMG_8886.JPG,2013:08:14 00:33:35
IMG_8887.JPG,2013:08:14 00:34:11
IMG_8892.JPG,2013:08:14 00:45:21
IMG_8893.JPG,2013:08:14 00:51:31
IMG_8894.JPG,2013:08:14 00:52:03
IMG_8897.JPG,2013:08:14 00:52:33
IMG_8898.JPG,2013:08:14 01:09:17
IMG_8900.JPG,2013:08:14 01:09:37
IMG_8901.JPG,2013:08:14 01:09:38
IMG_8903.JPG,2013:08:14 01:10:39
IMG_8904.JPG,2013:08:14 01:11:40
IMG_8905.JPG,2013:08:14 01:11:48
IMG_8906.JPG,2013:08:14 01:12:32
IMG_8907.JPG,2013:08:14 01:12:46
IMG_8908.JPG,2013:08:14 01:13:19
IMG_8909.JPG,2013:08:14 01:13:34
IMG_8911.JPG,2013:08:14 01:14:05
IMG_8912.JPG,2013:08:14 01:18:00
IMG_8913.JPG,2013:08:14 01:24:08
IMG_8917.JPG,2013:08:14 01:41:16
IMG_8922.JPG,2013:08:14 01:50:41
IMG_8923.JPG,2013:08:14 01:50:50
IMG_8925.JPG,2013:08:14 02:06:09
IMG_8926.JPG,2013:08:14 02:06:14
IMG_8933.JPG,2013:08:14 02:22:06
IMG_8936.JPG,2013:08:14 03:11:10
IMG_8937.JPG,2013:08:14 03:11:24
IMG_8941.JPG,2013:08:14 03:36:37
IMG_8942.JPG,2013:08:14 03:36:40
IMG_8943.JPG,2013:08:14 03:37:54
IMG_8945.JPG,2013:08:14 03:46:07
IMG_8946.JPG,2013:08:14 03:46:08
IMG_8948.JPG,2013:08:14 03:52:21
IMG_8949.JPG,2013:08:14 03:52:34
IMG_8950.JPG,2013:08:14 03:52:40
IMG_8952.JPG,2013:08:14 03:53:11
IMG_8954.JPG,2013:08:14 03:54:10
IMG_8959.JPG,2013:08:14 04:04:51
IMG_8960.JPG,2013:08:14 04:09:05
IMG_8961.JPG,2013:08:14 04:09:06
IMG_8962.JPG,2013:08:14 04:09:15
IMG_8963.JPG,2013:08:14 04:09:55
IMG_8964.JPG,2013:08:14 04:09:57
IMG_8965.JPG,2013:08:14 04:10:04
IMG_8966.JPG,2013:08:14 04:10:15
IMG_8967.JPG,2013:08:14 04:10:16
IMG_8968.JPG,2013:08:14 04:10:34
IMG_8969.JPG,2013:08:14 04:10:34
IMG_8970.JPG,2013:08:14 04:10:36
IMG_8971.JPG,2013:08:14 04:10:37
IMG_8972.JPG,2013:08:14 04:10:38
IMG_8973.JPG,2013:08:14 04:10:40
IMG_8974.JPG,2013:08:14 04:11:40
IMG_8975.JPG,2013:08:14 04:11:47
IMG_8976.JPG,2013:08:14 04:11:50
IMG_8977.JPG,2013:08:14 04:12:14
IMG_8978.JPG,2013:08:14 04:12:44
IMG_8979.JPG,2013:08:14 04:12:45
IMG_8980.JPG,2013:08:14 04:13:07
IMG_8981.JPG,2013:08:14 04:13:16
IMG_8982.JPG,2013:08:14 04:13:24
IMG_8983.JPG,2013:08:14 04:13:39
IMG_8984.JPG,2013:08:14 04:13:39
IMG_8985.JPG,2013:08:14 04:13:55
IMG_8986.JPG,2013:08:14 04:13:55
IMG_8987.JPG,2013:08:14 04:13:55
IMG_8988.JPG,2013:08:14 04:15:18
IMG_8989.JPG,2013:08:14 04:15:20
IMG_8990.JPG,2013:08:14 04:15:26
IMG_8991.JPG,2013:08:14 04:15:46
IMG_8992.JPG,2013:08:14 04:15:46
IMG_8993.JPG,2013:08:14 04:16:23
IMG_8994.JPG,2013:08:14 04:16:24
IMG_8996.JPG,2013:08:14 04:19:33
IMG_8997.JPG,2013:08:14 04:19:58
IMG_8999.JPG,2013:08:14 04:20:06
IMG_9000.JPG,2013:08:14 04:20:06
IMG_9001.JPG,2013:08:14 04:25:25
IMG_9002.JPG,2013:08:14 04:25:25
IMG_9003.JPG,2013:08:14 04:26:41
IMG_9004.JPG,2013:08:14 04:26:41
IMG_9005.JPG,2013:08:14 04:27:00
IMG_9007.JPG,2013:08:14 04:27:21
IMG_9010.JPG,2013:08:14 04:29:08
IMG_9011.JPG,2013:08:14 04:29:24
IMG_9012.JPG,2013:08:14 04:30:59
IMG_9014.JPG,2013:08:14 04:32:49
IMG_9016.JPG,2013:08:14 04:33:10
IMG_9017.JPG,2013:08:14 04:33:31
IMG_9018.JPG,2013:08:14 04:34:03
IMG_9019.JPG,2013:08:14 04:35:13
IMG_9020.JPG,2013:08:14 04:35:21
IMG_9021.JPG,2013:08:14 17:06:21
IMG_9034.JPG,2013:08:14 18:29:29
IMG_9051.JPG,2013:08:14 18:36:23
IMG_9072.JPG,2013:08:14 18:40:05
IMG_9087.JPG,2013:08:14 18:44:37
IMG_9097.JPG,2013:08:14 18:47:04
IMG_9119.JPG,2013:08:14 18:50:26
IMG_9143.JPG,2013:08:14 18:53:36
IMG_9146.JPG,2013:08:14 18:54:12
IMG_9192.JPG,2013:08:14 19:00:40
IMG_9196.JPG,2013:08:14 19:02:41
IMG_9206.JPG,2013:08:14 19:05:13
IMG_9213.JPG,2013:08:14 19:09:09
IMG_9248.JPG,2013:08:14 19:20:51
IMG_9249.JPG,2013:08:14 19:21:06
IMG_9264.JPG,2013:08:14 19:24:36
IMG_9273.JPG,2013:08:14 19:25:13
IMG_9289.JPG,2013:08:14 19:31:11
IMG_9300.JPG,2013:08:14 19:37:50
IMG_9301.JPG,2013:08:14 19:38:12
IMG_9318.JPG,2013:08:14 19:45:59
IMG_9330.JPG,2013:08:14 19:52:21
IMG_9339.JPG,2013:08:14 19:55:38
IMG_9341.JPG,2013:08:14 19:57:22
IMG_9344.JPG,2013:08:14 19:57:47
IMG_9353.JPG,2013:08:14 19:59:28
IMG_9366.JPG,2013:08:14 20:25:00
IMG_9367.JPG,2013:08:14 20:25:01
IMG_9371.JPG,2013:08:14 20:55:00
IMG_9372.JPG,2013:08:14 20:55:02
IMG_9373.JPG,2013:08:14 20:55:17
IMG_9374.JPG,2013:08:14 20:55:20
IMG_9375.JPG,2013:08:14 20:55:21
IMG_9376.JPG,2013:08:14 20:55:42
IMG_9377.JPG,2013:08:14 20:55:48
IMG_9378.JPG,2013:08:14 20:56:20
IMG_9379.JPG,2013:08:14 20:58:01
IMG_9380.JPG,2013:08:14 20:58:13
IMG_9381.JPG,2013:08:14 20:59:03
IMG_9382.JPG,2013:08:14 20:59:13
IMG_9383.JPG,2013:08:14 21:00:35
IMG_9384.JPG,2013:08:14 21:00:46
IMG_9385.JPG,2013:08:14 21:01:31
IMG_9386.JPG,2013:08:14 21:01:39
IMG_9389.JPG,2013:08:14 21:04:44
IMG_9390.JPG,2013:08:14 21:04:58
IMG_9391.JPG,2013:08:14 21:05:55
IMG_9392.JPG,2013:08:14 21:06:00
IMG_9393.JPG,2013:08:14 21:06:33
IMG_9394.JPG,2013:08:14 21:11:03
IMG_9395.JPG,2013:08:14 21:11:08
IMG_9396.JPG,2013:08:14 21:11:29
IMG_9397.JPG,2013:08:14 21:11:39
IMG_9398.JPG,2013:08:14 21:13:32
IMG_9399.JPG,2013:08:14 21:13:46
IMG_9400.JPG,2013:08:14 21:13:59
IMG_9401.JPG,2013:08:14 21:14:09
IMG_9402.JPG,2013:08:14 21:14:20
IMG_9403.JPG,2013:08:14 21:14:32
IMG_9404.JPG,2013:08:14 21:14:36
IMG_9405.JPG,2013:08:14 21:15:13
IMG_9406.JPG,2013:08:14 21:15:21
IMG_9407.JPG,2013:08:14 21:17:08
IMG_9408.JPG,2013:08:14 21:19:18
IMG_9409.JPG,2013:08:14 21:20:14
IMG_9410.JPG,2013:08:14 21:20:59
IMG_9411.JPG,2013:08:14 21:21:09
IMG_9412.JPG,2013:08:14 21:23:55
IMG_9413.JPG,2013:08:14 21:24:23
IMG_9414.JPG,2013:08:14 21:24:31
IMG_9415.JPG,2013:08:14 21:25:09
IMG_9416.JPG,2013:08:14 21:25:15
IMG_9417.JPG,2013:08:14 21:25:46
IMG_9418.JPG,2013:08:14 21:26:17
IMG_9419.JPG,2013:08:14 21:27:28
IMG_9420.JPG,2013:08:14 21:27:31
IMG_9421.JPG,2013:08:14 21:28:01
IMG_9422.JPG,2013:08:14 21:28:33
IMG_9423.JPG,2013:08:14 21:28:44
IMG_9424.JPG,2013:08:14 21:29:21
IMG_9425.JPG,2013:08:14 21:29:35
IMG_9426.JPG,2013:08:14 21:29:41
IMG_9427.JPG,2013:08:14 21:29:50
IMG_9428.JPG,2013:08:14 21:31:19
IMG_9429.JPG,2013:08:14 21:31:28
IMG_9430.JPG,2013:08:14 21:31:48
IMG_9431.JPG,2013:08:14 21:32:05
IMG_9432.JPG,2013:08:14 21:37:45
IMG_9433.JPG,2013:08:14 21:37:49
IMG_9434.JPG,2013:08:14 21:38:10
IMG_9435.JPG,2013:08:14 21:38:11
IMG_9436.JPG,2013:08:14 21:38:14
IMG_9437.JPG,2013:08:14 21:38:16
IMG_9438.JPG,2013:08:14 21:38:21
IMG_9439.JPG,2013:08:14 21:38:28
IMG_9440.JPG,2013:08:14 21:38:30
IMG_9441.JPG,2013:08:14 21:38:37
IMG_9442.JPG,2013:08:14 21:38:40
IMG_9443.JPG,2013:08:14 21:39:08
IMG_9447.JPG,2013:08:14 21:41:14
IMG_9448.JPG,2013:08:14 21:41:54
IMG_9451.JPG,2013:08:14 21:42:47
IMG_9452.JPG,2013:08:14 21:43:09
IMG_9455.JPG,2013:08:14 21:44:21
IMG_9456.JPG,2013:08:14 21:44:48
IMG_9457.JPG,2013:08:14 21:47:34
IMG_9458.JPG,2013:08:14 21:48:03
IMG_9459.JPG,2013:08:14 21:50:33
IMG_9461.JPG,2013:08:14 21:54:39
IMG_9463.JPG,2013:08:14 21:56:53
IMG_9464.JPG,2013:08:14 21:57:18
IMG_9466.JPG,2013:08:14 21:57:35
IMG_9467.JPG,2013:08:14 21:58:09
IMG_9468.JPG,2013:08:14 21:58:22
IMG_9469.JPG,2013:08:14 21:59:41
IMG_9470.JPG,2013:08:14 23:10:34
IMG_9471.JPG,2013:08:14 23:10:43
IMG_9473.JPG,2013:08:14 23:20:53
IMG_9474.JPG,2013:08:14 23:25:08
IMG_9475.JPG,2013:08:14 23:28:39
IMG_9476.JPG,2013:08:14 23:28:41
IMG_9477.JPG,2013:08:14 23:28:44
IMG_9478.JPG,2013:08:14 23:29:10
IMG_9479.JPG,2013:08:14 23:29:12
IMG_9480.JPG,2013:08:14 23:29:14
IMG_9481.JPG,2013:08:14 23:29:15
IMG_9482.JPG,2013:08:14 23:29:18
IMG_9483.JPG,2013:08:14 23:34:54
IMG_9484.JPG,2013:08:15 00:52:13
IMG_9485.JPG,2013:08:15 00:52:53
IMG_9486.JPG,2013:08:15 00:54:13
IMG_9487.JPG,2013:08:15 00:56:47
IMG_9488.JPG,2013:08:15 01:40:16
IMG_9489.JPG,2013:08:15 02:00:00
IMG_9490.JPG,2013:08:15 02:00:01
IMG_9491.JPG,2013:08:15 02:00:11
IMG_9492.JPG,2013:08:15 02:00:12
IMG_9493.JPG,2013:08:15 02:00:16
IMG_9494.JPG,2013:08:15 02:00:35
IMG_9495.JPG,2013:08:15 02:00:49
IMG_9496.JPG,2013:08:15 02:11:20
IMG_9497.JPG,2013:08:15 02:41:31
IMG_9498.JPG,2013:08:15 02:43:46
IMG_9499.JPG,2013:08:15 02:44:03
IMG_9500.JPG,2013:08:15 02:45:55
IMG_9501.JPG,2013:08:15 02:46:16
IMG_9502.JPG,2013:08:15 02:48:40
IMG_9505.JPG,2013:08:15 02:52:28
IMG_9506.JPG,2013:08:15 02:52:31
IMG_9507.JPG,2013:08:15 02:56:15
IMG_9508.JPG,2013:08:15 02:56:23
IMG_9509.JPG,2013:08:15 02:56:36
IMG_9510.JPG,2013:08:15 02:56:55
IMG_9511.JPG,2013:08:15 02:57:33
IMG_9512.JPG,2013:08:15 03:01:48
IMG_9513.JPG,2013:08:15 03:02:01
IMG_9514.JPG,2013:08:15 03:02:16
IMG_9515.JPG,2013:08:15 03:02:19
IMG_9516.JPG,2013:08:15 03:04:27
IMG_9517.JPG,2013:08:15 03:15:07
IMG_9518.JPG,2013:08:15 03:15:22
IMG_9519.JPG,2013:08:15 03:15:39
IMG_9520.JPG,2013:08:15 03:15:53
IMG_9521.JPG,2013:08:15 03:16:29
IMG_9522.JPG,2013:08:15 03:21:24
IMG_9523.JPG,2013:08:15 03:22:16
IMG_9524.JPG,2013:08:15 03:22:44
IMG_9525.JPG,2013:08:15 03:24:09
IMG_9526.JPG,2013:08:15 03:24:38
IMG_9527.JPG,2013:08:15 03:25:05
IMG_9528.JPG,2013:08:15 03:25:50
IMG_9529.JPG,2013:08:15 03:26:55
IMG_9530.JPG,2013:08:15 03:27:35
IMG_9531.JPG,2013:08:15 03:27:44
IMG_9533.JPG,2013:08:15 03:34:23
IMG_9535.JPG,2013:08:15 04:53:59
IMG_9536.JPG,2013:08:15 04:54:57
IMG_9537.JPG,2013:08:15 04:56:30
IMG_9538.JPG,2013:08:15 04:56:38
IMG_9539.JPG,2013:08:15 04:56:49
IMG_9540.JPG,2013:08:15 04:59:31
IMG_9541.JPG,2013:08:15 04:59:44
IMG_9542.JPG,2013:08:15 05:01:02
IMG_9543.JPG,2013:08:15 05:02:28
IMG_9544.JPG,2013:08:15 05:03:25
IMG_9545.JPG,2013:08:15 05:03:44
IMG_9546.JPG,2013:08:15 05:12:23
IMG_9548.JPG,2013:08:15 20:02:04
IMG_9549.JPG,2013:08:15 20:02:08
IMG_9551.JPG,2013:08:15 20:09:06
IMG_9552.JPG,2013:08:15 20:10:20
IMG_9553.JPG,2013:08:15 20:10:33
IMG_9554.JPG,2013:08:15 20:11:05
IMG_9555.JPG,2013:08:15 20:11:47
IMG_9556.JPG,2013:08:15 20:30:06
IMG_9557.JPG,2013:08:15 20:30:55
IMG_9558.JPG,2013:08:15 20:35:08
IMG_9559.JPG,2013:08:15 20:35:45
IMG_9560.JPG,2013:08:15 20:36:14
IMG_9561.JPG,2013:08:15 20:38:57
IMG_9562.JPG,2013:08:15 20:39:10
IMG_9563.JPG,2013:08:15 20:39:22
IMG_9564.JPG,2013:08:15 20:39:28
IMG_9565.JPG,2013:08:15 20:40:28
IMG_9566.JPG,2013:08:15 20:40:34
IMG_9567.JPG,2013:08:15 20:42:46
IMG_9568.JPG,2013:08:15 20:43:02
IMG_9569.JPG,2013:08:15 20:45:09
IMG_9570.JPG,2013:08:15 20:48:26
IMG_9571.JPG,2013:08:15 20:48:45
IMG_9572.JPG,2013:08:15 20:50:21
IMG_9573.JPG,2013:08:15 20:55:44
IMG_9574.JPG,2013:08:15 20:57:12
IMG_9575.JPG,2013:08:15 21:11:24
IMG_9576.JPG,2013:08:15 21:36:46
IMG_9577.JPG,2013:08:15 21:40:38
IMG_9578.JPG,2013:08:15 21:40:44
IMG_9579.JPG,2013:08:15 21:41:07
IMG_9580.JPG,2013:08:15 21:41:34
IMG_9581.JPG,2013:08:15 21:41:40
IMG_9582.JPG,2013:08:15 21:42:42
IMG_9583.JPG,2013:08:15 21:42:47
IMG_9584.JPG,2013:08:15 21:48:24
IMG_9585.JPG,2013:08:15 22:16:58
IMG_9586.JPG,2013:08:15 22:17:00
IMG_9587.JPG,2013:08:15 22:17:21
IMG_9588.JPG,2013:08:15 22:17:27
IMG_9589.JPG,2013:08:15 22:18:49
IMG_9590.JPG,2013:08:15 23:44:18
IMG_9591.JPG,2013:08:15 23:54:01
IMG_9592.JPG,2013:08:16 00:03:05
IMG_9593.JPG,2013:08:16 00:03:15
IMG_9594.JPG,2013:08:16 00:04:37
IMG_9595.JPG,2013:08:16 00:04:51
IMG_9596.JPG,2013:08:16 00:05:01
IMG_9597.JPG,2013:08:16 00:06:12
IMG_9598.JPG,2013:08:16 00:08:40
IMG_9599.JPG,2013:08:16 00:08:58
IMG_9600.JPG,2013:08:16 00:09:49
IMG_9601.JPG,2013:08:16 00:09:54
IMG_9602.JPG,2013:08:16 00:12:17
IMG_9603.JPG,2013:08:16 00:13:07
IMG_9604.JPG,2013:08:16 00:39:36
IMG_9605.JPG,2013:08:16 00:39:37
IMG_9606.JPG,2013:08:16 00:42:37
IMG_9607.JPG,2013:08:16 00:44:36
IMG_9608.JPG,2013:08:16 00:44:49
IMG_9609.JPG,2013:08:16 00:46:18
IMG_9610.JPG,2013:08:16 00:46:27
IMG_9611.JPG,2013:08:16 00:46:56
IMG_9612.JPG,2013:08:16 00:54:42
IMG_9613.JPG,2013:08:16 00:55:11
IMG_9614.JPG,2013:08:16 00:56:15
IMG_9615.JPG,2013:08:16 00:57:09
IMG_9616.JPG,2013:08:16 00:57:55
IMG_9617.JPG,2013:08:16 01:01:09
IMG_9618.JPG,2013:08:16 01:03:20
IMG_9619.JPG,2013:08:16 01:07:19
IMG_9620.JPG,2013:08:16 01:08:10
IMG_9621.JPG,2013:08:16 01:08:50
IMG_9622.JPG,2013:08:16 01:10:11
IMG_9623.JPG,2013:08:16 01:23:37
IMG_9624.JPG,2013:08:16 01:28:55
IMG_9625.JPG,2013:08:16 01:29:09
IMG_9626.JPG,2013:08:16 01:50:56
IMG_9627.JPG,2013:08:16 01:51:19
IMG_9629.JPG,2013:08:16 01:55:37
IMG_9631.JPG,2013:08:16 01:55:58
IMG_9632.JPG,2013:08:16 02:03:37
IMG_9633.JPG,2013:08:16 02:03:38
IMG_9634.JPG,2013:08:16 02:03:39
IMG_9635.JPG,2013:08:16 02:03:44
IMG_9636.JPG,2013:08:16 02:03:50
IMG_9637.JPG,2013:08:16 02:03:57
IMG_9638.JPG,2013:08:16 02:03:57
IMG_9639.JPG,2013:08:16 02:03:59
IMG_9640.JPG,2013:08:16 02:04:01
IMG_9641.JPG,2013:08:16 02:04:06
IMG_9642.JPG,2013:08:16 02:04:22
IMG_9643.JPG,2013:08:16 02:04:27
IMG_9644.JPG,2013:08:16 02:04:53
IMG_9645.JPG,2013:08:16 02:05:04
IMG_9646.JPG,2013:08:16 02:05:05
IMG_9647.JPG,2013:08:16 02:05:13
IMG_9648.JPG,2013:08:16 02:05:14
IMG_9649.JPG,2013:08:16 02:05:39
IMG_9650.JPG,2013:08:16 02:07:27
IMG_9651.JPG,2013:08:16 02:07:32
IMG_9652.JPG,2013:08:16 02:07:44
IMG_9654.JPG,2013:08:16 02:10:24
IMG_9658.JPG,2013:08:16 02:17:54
IMG_9661.JPG,2013:08:16 02:20:47
IMG_9662.JPG,2013:08:16 02:21:08
IMG_9663.JPG,2013:08:16 02:21:16
IMG_9664.JPG,2013:08:16 02:21:33
IMG_9665.JPG,2013:08:16 02:21:41
IMG_9668.JPG,2013:08:16 02:24:20
IMG_9669.JPG,2013:08:16 02:24:29
IMG_9671.JPG,2013:08:16 02:25:01
IMG_9672.JPG,2013:08:16 02:25:29
IMG_9673.JPG,2013:08:16 02:25:41
IMG_9674.JPG,2013:08:16 02:26:05
IMG_9675.JPG,2013:08:16 02:26:14
IMG_9676.JPG,2013:08:16 02:26:24
IMG_9677.JPG,2013:08:16 02:26:34
IMG_9678.JPG,2013:08:16 02:26:45
IMG_9679.JPG,2013:08:16 02:27:00
IMG_9680.JPG,2013:08:16 02:27:26
IMG_9681.JPG,2013:08:16 02:27:57
IMG_9682.JPG,2013:08:16 02:28:10
IMG_9683.JPG,2013:08:16 02:28:42
IMG_9684.JPG,2013:08:16 02:29:41
IMG_9686.JPG,2013:08:16 02:30:22
IMG_9688.JPG,2013:08:16 02:30:48
IMG_9691.JPG,2013:08:16 02:34:07
IMG_9692.JPG,2013:08:16 02:34:20
IMG_9694.JPG,2013:08:16 02:34:52
IMG_9695.JPG,2013:08:16 02:37:29
IMG_9696.JPG,2013:08:16 02:43:22
IMG_9701.JPG,2013:08:16 02:47:50
IMG_9702.JPG,2013:08:16 02:48:20
IMG_9703.JPG,2013:08:16 02:48:24
IMG_9704.JPG,2013:08:16 02:48:38
IMG_9705.JPG,2013:08:16 02:49:01
IMG_9706.JPG,2013:08:16 02:49:44
IMG_9707.JPG,2013:08:16 04:44:46
IMG_9708.JPG,2013:08:16 04:44:55
IMG_9709.JPG,2013:08:16 04:45:20
IMG_9710.JPG,2013:08:16 04:45:34
IMG_9713.JPG,2013:08:16 05:20:16
