file_name,latitude,longitude,altitude,date_time
IMG_3600.JPG,40.6465,-73.78966666666666,,2013:07:28 19:02:00
IMG_3603.JPG,40.70366666666666,-74.097,,2013:07:29 10:05:23
IMG_3605.JPG,40.690666666666665,-74.0425,2.4441012970969735,2013:07:29 10:07:50
IMG_3607.JPG,40.69016666666667,-74.04266666666666,6.688098495212039,2013:07:29 10:08:16
IMG_3613.JPG,40.689,-74.04366666666667,22.880661394680086,2013:07:29 10:21:47
IMG_3615.JPG,40.689166666666665,-74.0435,11.778825995807129,2013:07:29 10:21:58
IMG_3616.JPG,40.689,-74.04366666666667,0.549724557842853,2013:07:29 10:22:51
IMG_3617.JPG,40.689,-74.04366666666667,0.549724557842853,2013:07:29 10:22:51
IMG_3618.JPG,40.689166666666665,-74.04366666666667,1.1795692665890571,2013:07:29 10:25:02
IMG_3619.JPG,40.689166666666665,-74.04366666666667,3.0901413025824267,2013:07:29 10:25:30
IMG_3620.JPG,40.689166666666665,-74.04366666666667,3.1406151914626492,2013:07:29 10:25:59
IMG_3621.JPG,40.689166666666665,-74.04366666666667,2.9010903426791277,2013:07:29 10:26:07
IMG_3623.JPG,40.68866666666667,-74.04383333333334,11.837720879913451,2013:07:29 10:29:01
IMG_3625.JPG,40.693666666666665,-74.03266666666667,9.07627711686494,2013:07:29 11:10:38
IMG_3627.JPG,40.694,-74.032,8.678560250391236,2013:07:29 11:10:51
IMG_3629.JPG,40.6945,-74.0305,6.562959558823529,2013:07:29 11:11:20
IMG_3631.JPG,40.7,-74.01816666666667,7.916761687571266,2013:07:29 11:15:25
IMG_3632.JPG,40.707,-74.01116666666667,18.79397394136808,2013:07:29 11:41:32
IMG_3633.JPG,40.707,-74.01116666666667,18.79397394136808,2013:07:29 11:41:33
IMG_3635.JPG,40.708666666666666,-74.008,,2013:07:29 11:50:29
IMG_3637.JPG,40.70733333333333,-74.011,17.164619164619165,2013:07:29 11:50:42
IMG_3639.JPG,40.70733333333333,-74.011,17.164619164619165,2013:07:29 11:50:50
IMG_3640.JPG,40.708666666666666,-74.008,,2013:07:29 12:07:21
IMG_3641.JPG,40.708666666666666,-74.008,,2013:07:29 12:07:21
IMG_3642.JPG,40.709833333333336,-74.01283333333333,29.234375,2013:07:29 12:07:49
IMG_3644.JPG,40.708666666666666,-74.008,,2013:07:29 12:29:55
IMG_3647.JPG,40.714166666666664,-74.017,9.745895230648944,2013:07:29 12:30:07
IMG_3648.JPG,40.714166666666664,-74.0165,11.049507168458781,2013:07:29 12:30:50
IMG_3650.JPG,40.708666666666666,-74.00016666666667,21.45635528330781,2013:07:29 13:07:35
IMG_3652.JPG,40.7085,-73.99983333333333,30.570149253731344,2013:07:29 13:07:51
IMG_3653.JPG,40.7085,-73.99983333333333,30.570149253731344,2013:07:29 13:07:52
IMG_3655.JPG,40.708,-73.99933333333334,31.539209332469216,2013:07:29 13:10:34
IMG_3656.JPG,,,,2013:07:29 16:03:31
IMG_3658.JPG,,,,2013:07:29 16:03:42
IMG_3660.JPG,,,,2013:07:29 16:03:49
IMG_3662.JPG,,,,2013:07:29 16:04:12
IMG_3665.JPG,40.7395,-73.99783333333333,,2013:07:29 17:02:38
IMG_3667.JPG,40.74166666666667,-73.9895,0.0,2013:07:29 17:07:08
IMG_3669.JPG,40.7495,-73.99033333333334,,2013:07:29 18:21:15
IMG_3670.JPG,40.75066666666667,-73.99116666666667,39.63984674329502,2013:07:29 18:21:28
IMG_3671.JPG,40.75066666666667,-73.99116666666667,39.63984674329502,2013:07:29 18:21:28
IMG_3672.JPG,40.75066666666667,-73.99116666666667,39.63984674329502,2013:07:29 18:23:09
IMG_3673.JPG,40.754666666666665,-73.9735,,2013:07:29 23:47:36
IMG_3674.JPG,40.754666666666665,-73.9735,,2013:07:29 23:48:03
IMG_3677.JPG,39.943333333333335,-75.161,,2013:07:30 12:47:47
IMG_3678.JPG,40.75416666666667,-73.98383333333334,,2013:07:30 21:16:58
IMG_3679.JPG,40.75416666666667,-73.98383333333334,,2013:07:30 21:16:59
IMG_3681.JPG,40.75566666666667,-73.983,,2013:07:30 21:21:35
IMG_3682.JPG,40.75566666666667,-73.983,,2013:07:30 21:22:43
IMG_3683.JPG,40.75566666666667,-73.983,,2013:07:30 21:22:43
IMG_3685.JPG,40.75566666666667,-73.983,,2013:07:30 21:24:12
IMG_3686.JPG,,,,2013:07:30 21:25:48
IMG_3687.JPG,,,,2013:07:30 21:25:48
IMG_3688.JPG,,,,2013:07:30 21:26:03
IMG_3689.JPG,,,,2013:07:30 21:26:04
IMG_3691.JPG,40.758,-73.98783333333333,11.081661891117479,2013:07:30 21:26:50
IMG_3693.JPG,40.758,-73.98783333333333,11.081661891117479,2013:07:30 21:26:58
IMG_3695.JPG,40.757,-73.98666666666666,17.302908726178536,2013:07:30 21:27:49
IMG_3696.JPG,40.75716666666667,-73.98666666666666,17.904024767801857,2013:07:30 21:28:39
IMG_3697.JPG,40.75716666666667,-73.98666666666666,17.899786780383796,2013:07:30 21:28:39
IMG_3698.JPG,40.757,-73.98633333333333,18.27713625866051,2013:07:30 21:29:06
IMG_3699.JPG,40.757,-73.98633333333333,18.27713625866051,2013:07:30 21:29:06
IMG_3700.JPG,40.75716666666667,-73.98666666666666,17.885662431941924,2013:07:30 21:30:17
IMG_3701.JPG,40.75716666666667,-73.98666666666666,17.885662431941924,2013:07:30 21:30:17
IMG_3705.JPG,40.7565,-73.98566666666666,32.093555093555096,2013:07:30 21:33:56
IMG_3706.JPG,40.757,-73.9865,76.34823091247672,2013:07:30 21:34:48
IMG_3707.JPG,40.75633333333333,-73.98533333333333,110.70440251572327,2013:07:30 21:35:54
IMG_3709.JPG,40.7575,-73.98666666666666,25.579881656804734,2013:07:30 21:46:34
IMG_3712.JPG,40.75816666666667,-73.98483333333333,92.0251798561151,2013:07:30 21:58:16
IMG_3713.JPG,,,,
IMG_3716.JPG,,,,
IMG_3717.JPG,38.926,-76.915,,2013:07:31 10:03:09
IMG_3719.JPG,38.926,-76.915,,2013:07:31 10:03:18
IMG_3721.JPG,38.889833333333335,-77.00766666666667,15.06767283349562,2013:07:31 10:03:27
IMG_3723.JPG,38.889833333333335,-77.0105,12.67458432304038,2013:07:31 10:34:19
IMG_3725.JPG,38.893,-77.04133333333333,,2013:07:31 14:22:50
IMG_3727.JPG,38.893,-77.04133333333333,,2013:07:31 15:39:39
IMG_3730.JPG,38.893,-77.04133333333333,,2013:07:31 15:39:49
IMG_3731.JPG,38.889,-77.04916666666666,11.431865828092244,2013:07:31 15:41:07
IMG_3732.JPG,38.889,-77.04916666666666,11.227718152123192,2013:07:31 15:41:36
IMG_3734.JPG,38.88933333333333,-77.05,19.84664536741214,2013:07:31 15:47:02
IMG_3735.JPG,38.88916666666667,-77.05016666666667,15.947872340425532,2013:07:31 15:49:35
IMG_3737.JPG,38.88916666666667,-77.04966666666667,15.32463768115942,2013:07:31 15:51:12
IMG_3740.JPG,38.89533333333333,-77.03666666666666,13.669813176007866,2013:07:31 16:23:27
IMG_3742.JPG,38.8985,-77.0365,16.954379562043794,2013:07:31 16:37:56
IMG_3744.JPG,38.89783333333333,-77.00633333333333,,2013:07:31 20:12:02
IMG_3746.JPG,38.89783333333333,-77.00633333333333,,2013:07:31 20:12:23
IMG_3747.JPG,40.755,-73.97766666666666,,2013:08:01 09:36:55
IMG_3748.JPG,,,,2013:08:01 11:55:34
IMG_3752.JPG,,,,2013:08:01 12:13:07
IMG_3753.JPG,,,,2013:08:01 12:13:07
IMG_3754.JPG,,,,2013:08:01 12:13:57
IMG_3756.JPG,,,,2013:08:01 12:28:24
IMG_3758.JPG,40.763666666666666,-73.966,,2013:08:01 13:34:20
IMG_3759.JPG,40.763666666666666,-73.966,,2013:08:01 13:34:20
IMG_3760.JPG,40.75566666666667,-73.983,,2013:08:01 18:44:15
IMG_3762.JPG,40.75566666666667,-73.983,,2013:08:01 18:45:53
IMG_3763.JPG,40.75566666666667,-73.983,,2013:08:01 18:45:53
IMG_3764.JPG,40.75566666666667,-73.983,,2013:08:01 18:46:00
IMG_3765.JPG,40.75566666666667,-73.983,,2013:08:01 18:46:00
IMG_3766.JPG,40.75566666666667,-73.983,,2013:08:01 18:46:49
IMG_3767.JPG,,,,2013:08:01 18:48:15
IMG_3768.JPG,,,,2013:08:01 18:48:15
IMG_3770.JPG,40.7555,-73.9875,9.014348785871965,2013:08:01 18:49:31
IMG_3771.JPG,,,,2013:08:01 19:55:07
IMG_3773.JPG,,,,2013:08:01 19:55:16
IMG_3774.JPG,,,,2013:08:01 19:55:26
IMG_3776.JPG,,,,2013:08:01 19:55:36
IMG_3784.JPG,40.75516666666667,-73.97716666666666,,2013:08:01 21:27:31
IMG_3786.JPG,40.75516666666667,-73.97716666666666,,2013:08:01 21:27:40
IMG_3788.JPG,40.755,-73.9775,,2013:08:01 21:28:06
IMG_3791.JPG,40.75483333333333,-73.97816666666667,,2013:08:01 21:37:21
IMG_3792.JPG,,,,2013:08:02 13:36:47
IMG_3794.JPG,,,,2013:08:02 13:36:57
IMG_3796.JPG,41.2635,-72.997,0.0,2013:08:02 13:47:34
IMG_3798.JPG,41.286833333333334,-72.88133333333333,12.000436871996506,2013:08:02 16:20:58
IMG_3800.JPG,41.36183333333334,-71.96333333333334,11.103338632750397,2013:08:02 18:26:46
IMG_3801.JPG,41.36183333333334,-71.96333333333334,11.103338632750397,2013:08:02 18:26:47
IMG_3802.JPG,41.362,-71.9635,12.164677804295943,2013:08:02 18:27:36
IMG_3803.JPG,41.362,-71.9635,12.164677804295943,2013:08:02 18:27:36
IMG_3808.JPG,41.362,-71.9635,9.644233710614866,2013:08:02 18:29:16
IMG_3809.JPG,41.362,-71.9635,9.644233710614866,2013:08:02 18:29:16
IMG_3810.JPG,41.362,-71.96333333333334,4.087551299589603,2013:08:02 18:31:51
IMG_3811.JPG,41.362,-71.96333333333334,4.087551299589603,2013:08:02 18:31:51
IMG_3813.JPG,41.31766666666667,-72.45516666666667,,2013:08:02 18:52:00
IMG_3815.JPG,41.365833333333335,-71.96283333333334,12.197333333333333,2013:08:02 18:52:13
IMG_3817.JPG,43.0835,-77.9155,,2013:08:03 07:37:00
IMG_3819.JPG,43.0835,-77.9155,,2013:08:03 07:37:09
IMG_3821.JPG,,,,2013:08:03 07:38:11
IMG_3822.JPG,,,,
IMG_3824.JPG,43.089333333333336,-79.15116666666667,,2013:08:03 15:16:36
IMG_3826.JPG,43.087,-79.069,93.63943661971831,2013:08:03 15:17:03
IMG_3827.JPG,43.087,-79.069,103.10282258064517,2013:08:03 15:17:11
IMG_3828.JPG,43.087,-79.069,103.10282258064517,2013:08:03 15:17:11
IMG_3829.JPG,43.0875,-79.06916666666666,103.8035892323031,2013:08:03 15:42:00
IMG_3830.JPG,43.0875,-79.06916666666666,103.8035892323031,2013:08:03 15:42:00
IMG_3832.JPG,43.086666666666666,-79.071,102.48458149779735,2013:08:03 15:47:33
IMG_3834.JPG,43.0865,-79.07116666666667,99.20263157894736,2013:08:03 15:47:44
IMG_3836.JPG,43.086333333333336,-79.07133333333333,95.18034447821682,2013:08:03 15:47:53
IMG_3837.JPG,43.086666666666666,-79.071,102.48458149779735,2013:08:03 16:00:58
IMG_3838.JPG,43.086666666666666,-79.071,102.48458149779735,2013:08:03 16:00:58
IMG_3840.JPG,43.086666666666666,-79.071,102.48458149779735,2013:08:03 16:01:23
IMG_3842.JPG,43.0875,-79.07116666666667,92.45007451564828,2013:08:03 16:01:43
IMG_3843.JPG,43.08716666666667,-79.07133333333333,107.36332179930795,2013:08:03 16:02:52
IMG_3844.JPG,43.08716666666667,-79.07133333333333,107.36332179930795,2013:08:03 16:02:52
IMG_3846.JPG,43.08716666666667,-79.07133333333333,107.36332179930795,2013:08:03 16:03:01
IMG_3849.JPG,43.089,-79.0695,42.69641025641025,2013:08:03 16:03:38
IMG_3851.JPG,43.028166666666664,-78.87716666666667,,2013:08:03 16:19:42
IMG_3852.JPG,43.028166666666664,-78.87716666666667,,2013:08:03 16:19:54
IMG_3853.JPG,43.0875,-79.06916666666666,103.8035892323031,2013:08:03 16:33:59
IMG_3854.JPG,43.0875,-79.06916666666666,103.8035892323031,2013:08:03 16:34:00
IMG_3856.JPG,43.087,-79.06916666666666,164.47549019607843,2013:08:03 16:34:40
IMG_3858.JPG,43.087,-79.069,163.6137566137566,2013:08:03 16:34:47
IMG_3859.JPG,43.087,-79.069,178.98170731707316,2013:08:03 16:35:19
IMG_3861.JPG,43.087,-79.06916666666666,176.91975308641975,2013:08:03 16:36:08
IMG_3863.JPG,43.087,-79.06916666666666,176.65243902439025,2013:08:03 16:36:22
IMG_3865.JPG,43.087,-79.06916666666666,176.40791476407915,2013:08:03 16:36:28
IMG_3866.JPG,43.084833333333336,-79.06616666666666,161.08471454880294,2013:08:03 16:57:04
IMG_3868.JPG,43.085,-79.06633333333333,161.46878097125867,2013:08:03 16:57:57
IMG_3870.JPG,43.085,-79.06633333333333,161.51136363636363,2013:08:03 16:58:16
IMG_3872.JPG,43.083666666666666,-79.0705,160.83055555555555,2013:08:03 17:19:33
IMG_3873.JPG,43.083666666666666,-79.0705,160.59701492537314,2013:08:03 17:19:44
IMG_3874.JPG,43.083666666666666,-79.0705,160.57950530035336,2013:08:03 17:19:45
IMG_3876.JPG,43.0835,-79.0705,158.16281138790035,2013:08:03 17:21:40
IMG_3877.JPG,43.083666666666666,-79.07066666666667,160.47719298245613,2013:08:03 17:21:52
IMG_3878.JPG,43.083666666666666,-79.07066666666667,160.47719298245613,2013:08:03 17:21:52
IMG_3880.JPG,43.083666666666666,-79.07066666666667,155.06297229219143,2013:08:03 17:22:05
IMG_3881.JPG,43.0835,-79.0705,155.0000762951095,2013:08:03 17:22:16
IMG_3883.JPG,43.0805,-79.073,172.6761565836299,2013:08:03 17:56:35
IMG_3885.JPG,43.08,-79.0745,154.53033707865168,2013:08:03 18:05:26
IMG_3890.JPG,41.54933333333334,-83.602,189.33226837060704,2013:08:04 12:29:27
IMG_3892.JPG,41.83566666666667,-87.6305,183.02906976744185,2013:08:04 14:56:49
IMG_3894.JPG,41.93633333333333,-87.65316666666666,192.62487757100882,2013:08:04 17:42:59
IMG_3896.JPG,41.886833333333335,-87.63216666666666,211.05839416058393,2013:08:04 18:15:42
IMG_3898.JPG,41.8875,-87.63266666666667,197.50627615062763,2013:08:04 18:16:21
IMG_3900.JPG,41.88766666666667,-87.63266666666667,197.4533073929961,2013:08:04 18:16:29
IMG_3902.JPG,41.88766666666667,-87.63266666666667,197.41850220264317,2013:08:04 18:16:37
IMG_3904.JPG,41.888,-87.63316666666667,198.65938864628822,2013:08:04 18:23:52
IMG_3906.JPG,41.88883333333333,-87.63066666666667,217.266693163752,2013:08:04 18:31:32
IMG_3908.JPG,41.888666666666666,-87.63066666666667,201.05806451612904,2013:08:04 18:31:50
IMG_3910.JPG,41.887166666666666,-87.63,218.2820276497696,2013:08:04 18:34:09
IMG_3912.JPG,41.88933333333333,-87.629,190.34995977473852,2013:08:04 18:38:27
IMG_3914.JPG,41.887,-87.628,203.35087719298247,2013:08:04 18:38:37
IMG_3916.JPG,41.887,-87.62766666666667,196.29974160206717,2013:08:04 18:39:32
IMG_3918.JPG,41.8885,-87.626,210.70342205323195,2013:08:04 18:50:31
IMG_3920.JPG,41.889833333333335,-87.62383333333334,198.12077294685992,2013:08:04 18:54:50
IMG_3922.JPG,41.890166666666666,-87.623,198.37012987012986,2013:08:04 19:01:36
IMG_3924.JPG,41.89116666666666,-87.60933333333334,188.3638497652582,2013:08:04 19:45:26
IMG_3926.JPG,41.89116666666666,-87.60933333333334,189.80208333333334,2013:08:04 19:45:35
IMG_3928.JPG,41.89116666666666,-87.608,187.1509433962264,2013:08:04 19:50:41
IMG_3930.JPG,41.89116666666666,-87.608,187.09920634920636,2013:08:04 19:50:47
IMG_3932.JPG,41.891,-87.60783333333333,186.22340425531914,2013:08:04 19:51:41
IMG_3934.JPG,41.891,-87.60783333333333,185.77966101694915,2013:08:04 19:51:52
IMG_3936.JPG,41.891333333333336,-87.60633333333334,189.52212389380531,2013:08:04 19:54:57
IMG_3938.JPG,41.89116666666666,-87.60333333333334,184.27264325323475,2013:08:04 20:01:57
IMG_3940.JPG,41.891333333333336,-87.60016666666667,188.29003021148037,2013:08:04 20:09:06
IMG_3942.JPG,41.8915,-87.60016666666667,187.73043478260868,2013:08:04 20:09:29
IMG_3944.JPG,41.8915,-87.60016666666667,187.5917808219178,2013:08:04 20:09:39
IMG_3952.JPG,41.89216666666667,-87.599,184.00259740259742,2013:08:04 20:16:52
IMG_3954.JPG,41.89216666666667,-87.59916666666666,186.10340775558166,2013:08:04 20:17:33
IMG_3956.JPG,41.89216666666667,-87.59916666666666,186.4421768707483,2013:08:04 20:17:45
IMG_3958.JPG,41.89216666666667,-87.59916666666666,186.23776223776224,2013:08:04 20:17:53
IMG_3960.JPG,41.89216666666667,-87.59933333333333,185.5263522884882,2013:08:04 20:18:01
IMG_3962.JPG,41.89116666666666,-87.60266666666666,189.94485294117646,2013:08:04 20:32:53
IMG_3964.JPG,41.89116666666666,-87.60266666666666,189.4264705882353,2013:08:04 20:33:05
IMG_3966.JPG,41.933,-87.64483333333334,,2013:08:05 08:54:59
IMG_3968.JPG,41.88166666666667,-87.62133333333334,,2013:08:05 10:15:27
IMG_3970.JPG,41.88166666666667,-87.62133333333334,,2013:08:05 10:17:31
IMG_3972.JPG,41.883,-87.62333333333333,173.51951951951952,2013:08:05 10:18:31
IMG_3974.JPG,41.88283333333333,-87.62333333333333,194.50088809946715,2013:08:05 10:18:49
IMG_3977.JPG,41.883,-87.62366666666667,188.89940828402368,2013:08:05 10:21:25
IMG_3978.JPG,41.883,-87.62366666666667,188.89940828402368,2013:08:05 10:21:26
IMG_3980.JPG,41.88316666666667,-87.62333333333333,191.75829383886256,2013:08:05 10:22:04
IMG_3982.JPG,41.883,-87.62333333333333,191.8251121076233,2013:08:05 10:22:28
IMG_3983.JPG,41.88316666666667,-87.62333333333333,191.390350877193,2013:08:05 10:23:23
IMG_3984.JPG,41.88316666666667,-87.62333333333333,191.390350877193,2013:08:05 10:23:24
IMG_3986.JPG,41.882666666666665,-87.62316666666666,191.7098976109215,2013:08:05 10:23:56
IMG_3988.JPG,41.882666666666665,-87.62316666666666,191.85211267605635,2013:08:05 10:24:09
IMG_3990.JPG,41.8825,-87.62333333333333,198.05723905723906,2013:08:05 10:26:07
IMG_3991.JPG,41.882666666666665,-87.62333333333333,198.91416309012877,2013:08:05 10:26:43
IMG_3992.JPG,41.882666666666665,-87.62333333333333,198.91416309012877,2013:08:05 10:26:43
IMG_3994.JPG,41.88166666666667,-87.62133333333334,,2013:08:05 10:29:08
IMG_3996.JPG,41.882666666666665,-87.62233333333333,184.75013758943314,2013:08:05 10:30:09
IMG_3997.JPG,41.882666666666665,-87.62233333333333,184.9433962264151,2013:08:05 10:30:23
IMG_4003.JPG,41.8815,-87.62166666666667,197.6096256684492,2013:08:05 10:46:37
IMG_4004.JPG,41.88133333333333,-87.6235,184.16030534351145,2013:08:05 10:55:56
IMG_4006.JPG,41.88133333333333,-87.62366666666667,192.41867469879517,2013:08:05 10:56:58
IMG_4009.JPG,41.88283333333333,-87.627,,2013:08:05 12:18:43
IMG_4011.JPG,41.883833333333335,-87.62833333333333,193.9473417721519,2013:08:05 12:19:11
IMG_4012.JPG,41.884,-87.62816666666667,191.27184466019418,2013:08:05 12:20:03
IMG_4013.JPG,41.884,-87.62816666666667,191.27184466019418,2013:08:05 12:20:03
IMG_4015.JPG,41.883,-87.62983333333334,195.12886597938143,2013:08:05 12:21:39
IMG_4017.JPG,41.88966666666666,-87.6245,,2013:08:05 13:15:55
IMG_4019.JPG,41.88966666666666,-87.6245,,2013:08:05 13:16:12
IMG_4021.JPG,41.899,-87.6235,187.54330708661416,2013:08:05 13:46:23
IMG_4026.JPG,,,,2013:08:05 16:48:13
IMG_4029.JPG,,,,2013:08:05 16:48:41
IMG_4034.JPG,43.097833333333334,-89.37283333333333,,2013:08:05 20:28:50
IMG_4035.JPG,43.097833333333334,-89.37283333333333,,2013:08:05 20:28:50
IMG_4036.JPG,43.097833333333334,-89.37283333333333,,2013:08:05 20:29:08
IMG_4037.JPG,43.097833333333334,-89.37283333333333,,2013:08:05 20:29:08
IMG_4038.JPG,43.097833333333334,-89.37283333333333,,2013:08:05 20:29:17
IMG_4039.JPG,43.097833333333334,-89.37283333333333,,2013:08:05 20:29:18
IMG_4041.JPG,43.1035,-89.34416666666667,,2013:08:05 20:36:54
IMG_4042.JPG,43.1035,-89.34416666666667,,2013:08:05 20:37:25
IMG_4043.JPG,43.1035,-89.34433333333334,,2013:08:05 20:37:26
IMG_4044.MOV,,,,2013-08-06 01:49:02
IMG_4045.JPG,,,,
IMG_4047.JPG,43.94866666666667,-92.06633333333333,406.82911392405066,2013:08:06 12:18:12
IMG_4049.JPG,43.9485,-92.0665,409.2844827586207,2013:08:06 12:18:48
IMG_4050.JPG,43.651,-94.09566666666667,331.92890995260666,2013:08:06 14:11:59
IMG_4051.JPG,43.651,-94.09566666666667,331.92890995260666,2013:08:06 14:12:00
IMG_4053.JPG,43.65083333333333,-94.09566666666667,302.27810650887574,2013:08:06 14:15:42
IMG_4055.JPG,43.651,-94.09566666666667,322.7665995975855,2013:08:06 14:27:30
IMG_4057.JPG,43.651,-94.09566666666667,322.7665995975855,2013:08:06 14:28:48
IMG_4059.JPG,43.638666666666666,-94.10416666666667,373.05479452054794,2013:08:06 14:29:34
IMG_4061.JPG,43.6385,-94.104,363.0578034682081,2013:08:06 14:31:08
IMG_4063.JPG,43.6385,-94.104,363.0578034682081,2013:08:06 14:33:54
IMG_4065.JPG,43.6385,-94.104,363.0578034682081,2013:08:06 14:34:06
IMG_4067.JPG,43.6385,-94.104,363.0578034682081,2013:08:06 14:35:17
IMG_4069.JPG,43.6385,-94.104,363.0578034682081,2013:08:06 14:35:57
IMG_4070.JPG,43.656,-94.09783333333333,350.11267605633805,2013:08:06 14:53:08
IMG_4071.JPG,43.656,-94.09783333333333,350.11267605633805,2013:08:06 14:53:08
IMG_4073.JPG,44.01133333333333,-102.3545,,2013:08:07 11:23:42
IMG_4075.JPG,43.993,-102.24083333333333,857.7714285714286,2013:08:07 11:24:04
IMG_4077.JPG,43.99316666666667,-102.24066666666667,858.9861111111111,2013:08:07 11:24:49
IMG_4078.JPG,43.99316666666667,-102.241,894.2022471910112,2013:08:07 11:27:16
IMG_4079.JPG,43.99316666666667,-102.241,894.2022471910112,2013:08:07 11:27:16
IMG_4080.JPG,43.9935,-102.24116666666667,871.9290322580645,2013:08:07 11:30:13
IMG_4081.JPG,43.9935,-102.24116666666667,871.9290322580645,2013:08:07 11:30:13
IMG_4083.JPG,43.99366666666667,-102.24116666666667,861.6938775510204,2013:08:07 11:30:33
IMG_4085.JPG,43.993833333333335,-102.24133333333333,864.4828496042217,2013:08:07 11:30:50
IMG_4086.JPG,43.993833333333335,-102.24133333333333,864.5095238095238,2013:08:07 11:30:59
IMG_4088.JPG,43.994,-102.2415,864.7594936708861,2013:08:07 11:31:38
IMG_4090.JPG,44.09466666666667,-102.49966666666667,849.8970588235294,2013:08:07 11:49:04
IMG_4091.JPG,44.0995,-102.50816666666667,855.5281690140845,2013:08:07 11:49:27
IMG_4092.JPG,44.0995,-102.50816666666667,855.5281690140845,2013:08:07 11:49:27
IMG_4095.JPG,44.218833333333336,-103.39283333333333,,2013:08:07 13:14:14
IMG_4098.JPG,43.901666666666664,-103.4305,1303.3095238095239,2013:08:07 12:50:19
IMG_4100.JPG,43.8975,-103.42783333333334,1368.2641509433963,2013:08:07 12:50:39
IMG_4101.JPG,43.894,-103.42516666666667,1357.9378881987577,2013:08:07 12:51:14
IMG_4104.JPG,43.893166666666666,-103.4225,1320.6764705882354,2013:08:07 13:23:40
IMG_4105.JPG,43.893,-103.42633333333333,1303.935064935065,2013:08:07 14:04:24
IMG_4106.JPG,43.893,-103.42633333333333,1303.935064935065,2013:08:07 14:04:24
IMG_4107.JPG,43.892833333333336,-103.42616666666666,1306.0898876404494,2013:08:07 14:04:32
IMG_4108.JPG,43.892833333333336,-103.42616666666666,1306.0898876404494,2013:08:07 14:04:32
IMG_4109.JPG,43.879,-103.4505,1519.3495934959349,2013:08:07 14:09:21
IMG_4110.JPG,43.879,-103.4505,1519.3495934959349,2013:08:07 14:09:22
IMG_4111.JPG,43.87566666666667,-103.452,1554.9655172413793,2013:08:07 14:14:47
IMG_4112.JPG,43.8755,-103.45216666666667,1572.4662921348315,2013:08:07 14:14:48
IMG_4113.JPG,43.87583333333333,-103.45183333333334,1552.4426229508197,2013:08:07 14:28:08
IMG_4114.JPG,43.87583333333333,-103.45183333333334,1552.4426229508197,2013:08:07 14:28:08
IMG_4115.JPG,43.87716666666667,-103.456,1621.9574468085107,2013:08:07 14:28:57
IMG_4116.JPG,43.87716666666667,-103.456,1621.9574468085107,2013:08:07 14:28:58
IMG_4117.JPG,43.87716666666667,-103.45616666666666,1611.8440366972477,2013:08:07 14:31:20
IMG_4118.JPG,43.87716666666667,-103.45616666666666,1611.8440366972477,2013:08:07 14:31:20
IMG_4119.JPG,43.87683333333333,-103.45633333333333,1613.6967741935484,2013:08:07 14:32:49
IMG_4120.JPG,43.87733333333333,-103.458,1596.936170212766,2013:08:07 14:35:38
IMG_4121.JPG,43.87733333333333,-103.458,1596.936170212766,2013:08:07 14:35:39
IMG_4122.JPG,43.87833333333333,-103.45783333333333,1604.4912280701753,2013:08:07 14:42:26
IMG_4123.JPG,43.87833333333333,-103.45783333333333,1604.4912280701753,2013:08:07 14:42:27
IMG_4124.JPG,43.87833333333333,-103.45466666666667,1602.2470588235294,2013:08:07 14:58:25
IMG_4125.JPG,43.87833333333333,-103.45466666666667,1602.2470588235294,2013:08:07 14:58:26
IMG_4126.JPG,43.87833333333333,-103.45466666666667,1602.2470588235294,2013:08:07 14:58:36
IMG_4127.JPG,43.876,-103.45316666666666,1613.5862068965516,2013:08:07 15:46:37
IMG_4128.JPG,43.876,-103.45316666666666,1613.5862068965516,2013:08:07 15:46:37
IMG_4129.JPG,43.876,-103.45316666666666,1612.8166666666666,2013:08:07 15:46:44
IMG_4130.JPG,43.876,-103.45316666666666,1612.8166666666666,2013:08:07 15:46:45
IMG_4131.JPG,43.9835,-104.4495,1301.2051282051282,2013:08:07 17:18:32
IMG_4132.JPG,43.9835,-104.4495,1301.2051282051282,2013:08:07 17:18:32
IMG_4133.JPG,43.9825,-104.4455,1302.2957746478874,2013:08:07 17:22:32
IMG_4134.JPG,43.9825,-104.4455,1302.2957746478874,2013:08:07 17:22:33
IMG_4135.JPG,44.05016666666667,-104.572,1265.651376146789,2013:08:07 17:25:02
IMG_4136.JPG,44.05016666666667,-104.572,1265.651376146789,2013:08:07 17:25:03
IMG_4137.JPG,44.14816666666667,-104.70966666666666,1344.859649122807,2013:08:07 17:35:36
IMG_4138.JPG,44.14816666666667,-104.70966666666666,1344.859649122807,2013:08:07 17:35:36
IMG_4139.JPG,44.1495,-104.71316666666667,1340.9259259259259,2013:08:07 17:35:47
IMG_4140.JPG,44.1495,-104.71316666666667,1340.9259259259259,2013:08:07 17:35:47
IMG_4141.JPG,44.15083333333333,-104.716,1342.0151515151515,2013:08:07 17:35:55
IMG_4142.JPG,44.15083333333333,-104.716,1342.0151515151515,2013:08:07 17:35:55
IMG_4143.JPG,44.170833333333334,-104.76116666666667,1304.0434782608695,2013:08:07 17:38:17
IMG_4144.JPG,44.170833333333334,-104.76116666666667,1304.0434782608695,2013:08:07 17:38:17
IMG_4145.JPG,44.150166666666664,-104.71466666666667,1342.1473684210525,2013:08:07 18:00:34
IMG_4146.JPG,44.150166666666664,-104.71466666666667,1342.1473684210525,2013:08:07 18:00:34
IMG_4147.JPG,44.294333333333334,-105.20583333333333,1359.775147928994,2013:08:07 18:16:00
IMG_4148.JPG,44.294333333333334,-105.20583333333333,1359.775147928994,2013:08:07 18:16:00
IMG_4149.JPG,44.294333333333334,-105.20583333333333,1359.775147928994,2013:08:07 18:16:17
IMG_4150.JPG,44.294333333333334,-105.20583333333333,1359.775147928994,2013:08:07 18:16:18
IMG_4151.JPG,44.294333333333334,-105.20583333333333,1359.775147928994,2013:08:07 18:16:35
IMG_4152.JPG,44.294333333333334,-105.20583333333333,1359.775147928994,2013:08:07 18:16:35
IMG_4153.JPG,44.29533333333333,-105.42383333333333,1365.0704225352113,2013:08:07 18:30:17
IMG_4154.JPG,44.29533333333333,-105.42383333333333,1365.0704225352113,2013:08:07 18:30:17
IMG_4155.JPG,44.187333333333335,-105.87116666666667,1393.4830508474577,2013:08:07 18:51:07
IMG_4156.JPG,44.187333333333335,-105.87116666666667,1393.4830508474577,2013:08:07 18:51:07
IMG_4157.JPG,,,,2013:08:07 19:10:07
IMG_4158.JPG,,,,2013:08:07 19:10:07
IMG_4159.PNG,,,,
IMG_4160.PNG,,,,
IMG_4161.JPG,44.354,-106.68833333333333,1406.4197530864199,2013:08:07 22:14:02
IMG_4162.JPG,44.35516666666667,-106.69916666666667,,2013:08:08 08:46:38
IMG_4163.JPG,44.35516666666667,-106.69916666666667,,2013:08:08 08:47:01
IMG_4164.JPG,44.3555,-106.69933333333333,1430.088888888889,2013:08:08 08:47:53
IMG_4165.JPG,44.3555,-106.69933333333333,1430.088888888889,2013:08:08 08:47:54
IMG_4166.JPG,44.3555,-106.69983333333333,1391.2549019607843,2013:08:08 08:48:41
IMG_4167.JPG,44.3555,-106.69983333333333,1391.2549019607843,2013:08:08 08:48:42
IMG_4169.JPG,,,,2013:08:08 10:48:48
IMG_4171.JPG,,,,2013:08:08 10:48:57
IMG_4173.JPG,,,,2013:08:08 10:49:05
IMG_4174.JPG,44.08716666666667,-107.31083333333333,1537.2037037037037,2013:08:08 10:57:08
IMG_4175.JPG,44.08716666666667,-107.31083333333333,1537.2037037037037,2013:08:08 10:57:08
IMG_4176.JPG,44.027833333333334,-107.46583333333334,1426.4670658682635,2013:08:08 11:10:21
IMG_4177.JPG,44.027833333333334,-107.46583333333334,1426.4670658682635,2013:08:08 11:10:22
IMG_4178.JPG,44.4965,-108.89416666666666,1621.8088235294117,2013:08:08 12:49:13
IMG_4179.JPG,44.4965,-108.89416666666666,1621.8088235294117,2013:08:08 12:49:14
IMG_4180.JPG,44.4975,-108.898,1621.5744680851064,2013:08:08 12:49:24
IMG_4181.JPG,44.4975,-108.898,1621.5744680851064,2013:08:08 12:49:24
IMG_4182.JPG,44.477333333333334,-109.33716666666666,1683.851851851852,2013:08:08 13:48:14
IMG_4183.JPG,44.477333333333334,-109.33716666666666,1683.851851851852,2013:08:08 13:48:15
IMG_4184.JPG,44.4775,-109.33716666666666,1681.68,2013:08:08 13:48:42
IMG_4185.JPG,44.4775,-109.33716666666666,1681.68,2013:08:08 13:48:42
IMG_4186.JPG,44.4775,-109.33716666666666,1681.1714285714286,2013:08:08 13:48:49
IMG_4187.JPG,44.4775,-109.33716666666666,1681.1714285714286,2013:08:08 13:48:49
IMG_4188.JPG,44.4775,-109.33733333333333,1680.0481927710844,2013:08:08 14:32:01
IMG_4189.JPG,44.4775,-109.33733333333333,1680.0481927710844,2013:08:08 14:32:01
IMG_4190.JPG,44.4775,-109.33733333333333,1680.0481927710844,2013:08:08 14:32:27
IMG_4191.JPG,44.4775,-109.33733333333333,1680.0481927710844,2013:08:08 14:32:28
IMG_4192.JPG,44.4775,-109.33733333333333,1680.0481927710844,2013:08:08 14:32:40
IMG_4193.JPG,44.4775,-109.33733333333333,1680.0481927710844,2013:08:08 14:32:40
IMG_4194.JPG,44.5005,-109.1875,1659.3984375,2013:08:08 14:33:11
IMG_4195.JPG,44.5005,-109.1875,1659.3984375,2013:08:08 14:33:11
IMG_4197.JPG,44.526,-109.0645,,2013:08:08 15:06:53
IMG_4199.JPG,44.526,-109.0645,,2013:08:08 15:29:45
IMG_4201.JPG,44.49616666666667,-108.893,1621.3108108108108,2013:08:08 17:59:15
IMG_4207.JPG,44.49616666666667,-108.893,1621.3108108108108,2013:08:08 18:36:12
IMG_4209.JPG,44.49616666666667,-108.893,1621.3108108108108,2013:08:08 19:40:08
IMG_4211.JPG,44.49616666666667,-108.893,1621.3108108108108,2013:08:08 19:40:17
IMG_4213.JPG,44.49616666666667,-108.893,1621.3108108108108,2013:08:08 19:41:03
IMG_4215.MOV,,,,2013-08-09 02:11:29
IMG_4219.MOV,,,,2013-08-09 02:49:23
IMG_4224.MOV,,,,2013-08-09 03:53:44
IMG_4226.JPG,44.4775,-109.33716666666666,1666.9685039370079,2013:08:09 08:08:16
IMG_4227.JPG,44.4775,-109.33716666666666,1667.536231884058,2013:08:09 08:09:21
IMG_4228.JPG,44.4775,-109.33716666666666,1667.536231884058,2013:08:09 08:09:21
IMG_4229.JPG,44.50816666666667,-110.27816666666666,2367.7328767123286,2013:08:09 09:28:53
IMG_4230.JPG,44.50816666666667,-110.27816666666666,2367.7328767123286,2013:08:09 09:28:53
IMG_4232.JPG,44.53,-110.29733333333333,2379.4666666666667,2013:08:09 09:35:33
IMG_4234.JPG,44.529833333333336,-110.29733333333333,2398.576923076923,2013:08:09 09:36:07
IMG_4235.JPG,44.53033333333333,-110.29733333333333,2403.5348837209303,2013:08:09 09:38:23
IMG_4237.JPG,44.62283333333333,-110.43066666666667,2368.269230769231,2013:08:09 10:15:09
IMG_4239.JPG,44.62416666666667,-110.433,2368.788732394366,2013:08:09 10:20:01
IMG_4240.JPG,44.623333333333335,-110.433,2377.4423076923076,2013:08:09 10:28:50
IMG_4242.JPG,44.6215,-110.434,2396.4242424242425,2013:08:09 10:34:41
IMG_4244.JPG,44.6215,-110.434,2396.6133333333332,2013:08:09 10:34:53
IMG_4246.JPG,44.6215,-110.434,2398.1162790697676,2013:08:09 10:35:21
IMG_4248.JPG,44.62133333333333,-110.43416666666667,2400.1466666666665,2013:08:09 10:35:55
IMG_4249.MOV,,,,2013-08-09 16:36:04
IMG_4252.JPG,44.62116666666667,-110.43483333333333,2404.1296296296296,2013:08:09 10:38:10
IMG_4256.JPG,44.62116666666667,-110.43483333333333,2404.6710526315787,2013:08:09 10:38:35
IMG_4258.JPG,44.620333333333335,-110.43516666666666,2410.376811594203,2013:08:09 10:41:10
IMG_4259.JPG,44.62233333333333,-110.436,2400.063492063492,2013:08:09 10:49:43
IMG_4260.JPG,44.62233333333333,-110.436,2400.063492063492,2013:08:09 10:49:43
IMG_4261.JPG,44.6225,-110.436,2420.6857142857143,2013:08:09 10:49:56
IMG_4262.JPG,44.6225,-110.436,2420.669491525424,2013:08:09 10:49:57
IMG_4264.JPG,44.62433333333333,-110.4345,2392.1052631578946,2013:08:09 10:55:38
IMG_4265.MOV,,,,2013-08-09 16:55:45
IMG_4267.JPG,44.62433333333333,-110.4345,2373.3541666666665,2013:08:09 10:57:11
IMG_4268.JPG,44.625166666666665,-110.43483333333333,2376.6687116564417,2013:08:09 10:59:25
IMG_4270.JPG,44.63033333333333,-110.43966666666667,2371.509433962264,2013:08:09 11:06:55
IMG_4272.JPG,44.630833333333335,-110.44366666666667,2392.252525252525,2013:08:09 11:09:44
IMG_4274.JPG,44.631166666666665,-110.44466666666666,2390.968253968254,2013:08:09 11:11:27
IMG_4276.JPG,44.63366666666667,-110.44716666666666,2391.3939393939395,2013:08:09 11:13:38
IMG_4278.JPG,44.63483333333333,-110.44833333333334,2385.7843137254904,2013:08:09 11:15:29
IMG_4280.JPG,44.635,-110.44866666666667,2384.686956521739,2013:08:09 11:15:40
IMG_4281.JPG,44.635,-110.44883333333334,2383.7380952380954,2013:08:09 11:15:51
IMG_4282.JPG,44.635,-110.44883333333334,2383.6451612903224,2013:08:09 11:15:51
IMG_4283.JPG,44.714666666666666,-110.49716666666667,2399.157894736842,2013:08:09 11:47:29
IMG_4284.JPG,44.714666666666666,-110.49716666666667,2399.157894736842,2013:08:09 11:47:29
IMG_4285.JPG,44.714666666666666,-110.49716666666667,2384.7894736842104,2013:08:09 11:48:04
IMG_4286.JPG,44.714666666666666,-110.49716666666667,2384.7894736842104,2013:08:09 11:48:04
IMG_4289.JPG,44.856,-110.41166666666666,2315.399656946827,2013:08:09 12:30:44
IMG_4290.JPG,44.856,-110.41166666666666,2315.399656946827,2013:08:09 12:30:44
IMG_4291.JPG,44.916333333333334,-110.4395,2017.421875,2013:08:09 14:45:27
IMG_4292.JPG,44.916333333333334,-110.4395,2017.421875,2013:08:09 14:45:28
IMG_4293.JPG,44.91616666666667,-110.43933333333334,2028.252336448598,2013:08:09 14:46:28
IMG_4294.JPG,44.91616666666667,-110.43933333333334,2028.252336448598,2013:08:09 14:46:28
IMG_4295.JPG,44.970666666666666,-110.70466666666667,1958.8243243243244,2013:08:09 15:25:22
IMG_4296.JPG,44.970666666666666,-110.70466666666667,1958.8243243243244,2013:08:09 15:25:22
IMG_4297.JPG,44.970666666666666,-110.70466666666667,1958.8243243243244,2013:08:09 15:25:34
IMG_4298.JPG,44.970666666666666,-110.70466666666667,1958.8243243243244,2013:08:09 15:25:34
IMG_4299.JPG,44.970666666666666,-110.70466666666667,1960.575,2013:08:09 15:25:47
IMG_4300.JPG,44.970666666666666,-110.70466666666667,1960.575,2013:08:09 15:25:47
IMG_4301.JPG,44.970166666666664,-110.70466666666667,1962.050847457627,2013:08:09 15:30:10
IMG_4302.JPG,44.970166666666664,-110.70466666666667,1962.050847457627,2013:08:09 15:30:10
IMG_4303.JPG,44.970166666666664,-110.705,2012.0416666666667,2013:08:09 15:31:38
IMG_4304.JPG,44.970166666666664,-110.705,2012.0416666666667,2013:08:09 15:31:39
IMG_4305.JPG,44.97,-110.7055,1969.6949152542372,2013:08:09 15:33:06
IMG_4306.JPG,44.97,-110.7055,1969.6949152542372,2013:08:09 15:33:07
IMG_4307.JPG,44.970166666666664,-110.7055,1963.364161849711,2013:08:09 15:33:19
IMG_4308.JPG,44.970166666666664,-110.7055,1963.364161849711,2013:08:09 15:33:19
IMG_4309.JPG,44.970166666666664,-110.7055,1975.5060240963855,2013:08:09 15:33:45
IMG_4310.JPG,44.970166666666664,-110.7055,1975.5060240963855,2013:08:09 15:33:45
IMG_4311.JPG,44.970166666666664,-110.7055,1977.127659574468,2013:08:09 15:34:59
IMG_4312.JPG,44.970166666666664,-110.7055,1977.128205128205,2013:08:09 15:35:00
IMG_4313.JPG,44.970166666666664,-110.7055,1977.1014492753623,2013:08:09 15:35:10
IMG_4314.JPG,44.970166666666664,-110.7055,1977.0766550522649,2013:08:09 15:35:11
IMG_4315.JPG,44.969166666666666,-110.7075,2011.614973262032,2013:08:09 15:43:02
IMG_4316.JPG,44.969166666666666,-110.7075,2011.614973262032,2013:08:09 15:43:03
IMG_4317.JPG,44.9675,-110.70733333333334,2015.0408163265306,2013:08:09 15:50:18
IMG_4318.JPG,44.9675,-110.70733333333334,2015.0408163265306,2013:08:09 15:50:19
IMG_4319.JPG,44.9675,-110.70733333333334,2014.32,2013:08:09 15:50:40
IMG_4320.JPG,44.9675,-110.70733333333334,2014.32,2013:08:09 15:50:41
IMG_4321.JPG,44.967333333333336,-110.70733333333334,2013.0277777777778,2013:08:09 15:52:06
IMG_4322.JPG,44.967333333333336,-110.70733333333334,2013.0277777777778,2013:08:09 15:52:06
IMG_4323.JPG,44.967333333333336,-110.70733333333334,2012.840579710145,2013:08:09 15:52:31
IMG_4324.JPG,44.967333333333336,-110.70733333333334,2012.8363636363636,2013:08:09 15:52:32
IMG_4325.JPG,44.967333333333336,-110.70666666666666,2024.6808510638298,2013:08:09 15:55:08
IMG_4326.JPG,44.967333333333336,-110.70666666666666,2024.6808510638298,2013:08:09 15:55:08
IMG_4327.JPG,44.967333333333336,-110.70616666666666,2010.581818181818,2013:08:09 15:56:49
IMG_4328.JPG,44.967333333333336,-110.70616666666666,2010.581818181818,2013:08:09 15:56:49
IMG_4329.JPG,44.967166666666664,-110.706,2002.982456140351,2013:08:09 15:59:39
IMG_4330.JPG,44.967166666666664,-110.706,2002.982456140351,2013:08:09 15:59:40
IMG_4331.JPG,44.966833333333334,-110.70533333333333,2009.1666666666667,2013:08:09 16:01:21
IMG_4332.JPG,44.966833333333334,-110.70533333333333,2009.1666666666667,2013:08:09 16:01:21
IMG_4333.JPG,44.966833333333334,-110.70516666666667,2001.8676470588234,2013:08:09 16:02:59
IMG_4334.JPG,44.966833333333334,-110.70516666666667,2001.8676470588234,2013:08:09 16:02:59
IMG_4335.JPG,44.5505,-110.80616666666667,2215.342105263158,2013:08:09 17:28:48
IMG_4336.JPG,44.5505,-110.80616666666667,2215.342105263158,2013:08:09 17:28:48
IMG_4338.JPG,44.550333333333334,-110.80616666666667,2228.8260869565215,2013:08:09 17:29:22
IMG_4339.JPG,44.550333333333334,-110.806,2234.4836065573772,2013:08:09 17:29:51
IMG_4340.JPG,44.550333333333334,-110.806,2234.6285714285714,2013:08:09 17:29:51
IMG_4341.JPG,44.550333333333334,-110.80616666666667,2235.925925925926,2013:08:09 17:30:14
IMG_4342.JPG,44.550333333333334,-110.80616666666667,2235.925925925926,2013:08:09 17:30:14
IMG_4344.JPG,44.550333333333334,-110.80616666666667,2236.0454545454545,2013:08:09 17:30:22
IMG_4345.JPG,44.5505,-110.80633333333333,2239.503184713376,2013:08:09 17:32:12
IMG_4346.JPG,44.5505,-110.80633333333333,2239.503184713376,2013:08:09 17:32:12
IMG_4347.JPG,44.5505,-110.80633333333333,2240.5290322580645,2013:08:09 17:32:36
IMG_4348.JPG,44.5505,-110.80633333333333,2240.5290322580645,2013:08:09 17:32:36
IMG_4349.MOV,,,,2013-08-09 23:35:22
IMG_4350.JPG,44.551,-110.80766666666666,2238.6923076923076,2013:08:09 17:38:04
IMG_4351.JPG,44.551,-110.80766666666666,2238.6923076923076,2013:08:09 17:38:04
IMG_4352.MOV,,,,2013-08-09 23:38:08
IMG_4353.MOV,,,,2013-08-09 23:39:06
IMG_4354.JPG,44.551,-110.80816666666666,2237.1857142857143,2013:08:09 17:40:07
IMG_4355.JPG,44.551,-110.80816666666666,2237.1857142857143,2013:08:09 17:40:07
IMG_4356.JPG,44.551,-110.80816666666666,2237.449438202247,2013:08:09 17:40:52
IMG_4357.JPG,44.551,-110.80816666666666,2237.449438202247,2013:08:09 17:40:52
IMG_4358.JPG,44.551,-110.80816666666666,2237.6739130434785,2013:08:09 17:41:00
IMG_4359.JPG,44.551,-110.80816666666666,2237.6739130434785,2013:08:09 17:41:01
IMG_4360.MOV,,,,2013-08-09 23:41:16
IMG_4362.JPG,44.551,-110.80833333333334,2237.320987654321,2013:08:09 17:42:10
IMG_4363.JPG,44.551,-110.80866666666667,2234.2815533980583,2013:08:09 17:43:35
IMG_4366.JPG,44.551,-110.80866666666667,2233.8347826086956,2013:08:09 17:43:59
IMG_4368.JPG,44.52766666666667,-110.83616666666667,2219.6935483870966,2013:08:09 18:14:07
IMG_4370.JPG,44.526666666666664,-110.837,2205.4137931034484,2013:08:09 18:16:34
IMG_4372.JPG,44.526666666666664,-110.837,2215.5833333333335,2013:08:09 18:16:49
IMG_4373.JPG,44.5265,-110.8375,2218.394366197183,2013:08:09 18:17:37
IMG_4374.JPG,44.5265,-110.8375,2218.394366197183,2013:08:09 18:17:38
IMG_4375.JPG,44.5265,-110.8375,2218.818181818182,2013:08:09 18:18:02
IMG_4376.JPG,44.5265,-110.8375,2218.818181818182,2013:08:09 18:18:02
IMG_4377.JPG,44.5265,-110.83766666666666,2218.673076923077,2013:08:09 18:18:14
IMG_4378.JPG,44.5265,-110.83766666666666,2218.673076923077,2013:08:09 18:18:14
IMG_4379.JPG,44.526666666666664,-110.8385,2216.496815286624,2013:08:09 18:20:00
IMG_4380.JPG,44.526666666666664,-110.8385,2216.4997557401075,2013:08:09 18:20:00
IMG_4381.JPG,44.526666666666664,-110.8385,2216.8991596638657,2013:08:09 18:20:22
IMG_4382.JPG,44.526666666666664,-110.8385,2216.8991596638657,2013:08:09 18:20:22
IMG_4383.JPG,44.5265,-110.83866666666667,2218.4504504504503,2013:08:09 18:21:12
IMG_4384.JPG,44.5265,-110.83866666666667,2218.4504504504503,2013:08:09 18:21:13
IMG_4385.JPG,44.5265,-110.83866666666667,2218.5555555555557,2013:08:09 18:21:23
IMG_4386.JPG,44.5265,-110.83866666666667,2218.5555555555557,2013:08:09 18:21:23
IMG_4387.JPG,44.5265,-110.83866666666667,2219.1484375,2013:08:09 18:21:39
IMG_4389.JPG,44.52633333333333,-110.83866666666667,2220.2950819672133,2013:08:09 18:22:35
IMG_4390.JPG,44.52583333333333,-110.83833333333334,2223.2195121951218,2013:08:09 18:24:01
IMG_4391.JPG,44.52583333333333,-110.83833333333334,2223.2195121951218,2013:08:09 18:24:01
IMG_4393.JPG,44.52583333333333,-110.83833333333334,2222.6257668711655,2013:08:09 18:24:07
IMG_4395.JPG,44.525666666666666,-110.83816666666667,2225.173333333333,2013:08:09 18:24:44
IMG_4397.JPG,44.525666666666666,-110.83783333333334,2226.530612244898,2013:08:09 18:25:51
IMG_4399.JPG,44.5255,-110.83766666666666,2228.577181208054,2013:08:09 18:26:48
IMG_4401.JPG,44.526,-110.83683333333333,2222.801801801802,2013:08:09 18:29:35
IMG_4403.JPG,44.526,-110.83683333333333,2222.8289473684213,2013:08:09 18:29:46
IMG_4404.JPG,44.526,-110.83683333333333,2223.098039215686,2013:08:09 18:30:01
IMG_4406.JPG,44.526,-110.83716666666666,2223.494382022472,2013:08:09 18:31:11
IMG_4408.JPG,44.527833333333334,-110.83683333333333,2227.5102040816328,2013:08:09 18:35:28
IMG_4410.JPG,44.527833333333334,-110.83683333333333,2226.72131147541,2013:08:09 18:35:42
IMG_4412.JPG,44.52766666666667,-110.8365,2213.246753246753,2013:08:09 18:36:49
IMG_4417.MOV,,,,2013-08-10 01:03:46
IMG_4418.JPG,44.4595,-110.828,2252.392156862745,2013:08:09 19:07:51
IMG_4419.JPG,44.4595,-110.828,2252.392156862745,2013:08:09 19:07:51
IMG_4420.JPG,44.00033333333333,-110.67766666666667,2079.4666666666667,2013:08:09 20:54:24
IMG_4422.JPG,40.26283333333333,-111.6475,,2013:08:10 14:20:11
IMG_4424.JPG,39.678,-111.84116666666667,1530.7166666666667,2013:08:10 14:38:40
IMG_4426.JPG,39.678,-111.841,1567.844155844156,2013:08:10 14:58:19
IMG_4428.JPG,39.67783333333333,-111.841,1567.9093023255814,2013:08:10 14:58:41
IMG_4430.JPG,39.67766666666667,-111.84083333333334,1553.5116279069769,2013:08:10 15:09:33
IMG_4432.JPG,39.67783333333333,-111.84066666666666,1555.148148148148,2013:08:10 15:11:52
IMG_4434.JPG,39.67783333333333,-111.84066666666666,1562.8942307692307,2013:08:10 15:12:58
IMG_4436.JPG,39.67783333333333,-111.84066666666666,1561.3255813953488,2013:08:10 15:14:21
IMG_4438.JPG,,,,2013:08:10 18:13:26
IMG_4440.JPG,,,,2013:08:10 18:13:42
IMG_4442.JPG,,,,2013:08:10 18:16:34
IMG_4444.JPG,,,,2013:08:10 19:03:04
IMG_4446.JPG,,,,2013:08:10 19:03:18
IMG_4447.JPG,34.93266666666667,-114.1645,,2013:08:10 20:02:20
IMG_4450.JPG,35.912,-114.629,636.2121212121212,2013:08:10 20:03:20
IMG_4451.JPG,,,,
IMG_4452.JPG,,,,
IMG_4454.JPG,35.528666666666666,-113.42366666666666,1324.2901554404145,2013:08:11 09:24:02
IMG_4456.JPG,35.529,-113.42433333333334,1472.8930817610062,2013:08:11 09:24:20
IMG_4458.JPG,35.52916666666667,-113.42466666666667,1459.9607843137255,2013:08:11 09:45:41
IMG_4460.JPG,35.48283333333333,-113.569,1302.7239819004526,2013:08:11 10:02:42
IMG_4464.JPG,35.624833333333335,-113.44633333333333,1040.0253164556962,2013:08:11 10:33:00
IMG_4466.JPG,35.64333333333333,-113.436,998.8285714285714,2013:08:11 10:36:19
IMG_4468.JPG,35.64416666666666,-113.43583333333333,986.3571428571429,2013:08:11 10:36:26
IMG_4472.JPG,35.726,-113.37566666666666,621.3358208955224,2013:08:11 11:05:53
IMG_4474.JPG,35.70666666666666,-113.38933333333334,735.9324324324324,2013:08:11 11:39:10
IMG_4476.JPG,35.699666666666666,-113.397,698.9807692307693,2013:08:11 11:43:19
IMG_4478.JPG,35.69983333333333,-113.397,736.4857142857143,2013:08:11 11:43:25
IMG_4480.JPG,35.67516666666667,-113.42,882.9480519480519,2013:08:11 11:53:04
IMG_4482.JPG,35.67433333333334,-113.42066666666666,887.6447368421053,2013:08:11 11:53:14
IMG_4483.JPG,35.22116666666667,-114.00683333333333,1137.5579710144928,2013:08:11 13:06:03
IMG_4484.JPG,35.22116666666667,-114.00683333333333,1137.5579710144928,2013:08:11 13:06:04
IMG_4486.JPG,35.2215,-114.00683333333333,1081.702479338843,2013:08:11 13:06:28
IMG_4488.JPG,35.2215,-114.007,1079.5326086956522,2013:08:11 13:07:06
IMG_4490.JPG,35.61483333333334,-114.25616666666667,1085.555910543131,2013:08:11 14:32:06
IMG_4492.JPG,35.62433333333333,-114.252,1092.8068181818182,2013:08:11 14:32:59
IMG_4494.JPG,35.793,-114.11466666666666,906.8747553816047,2013:08:11 14:46:52
IMG_4501.JPG,35.822833333333335,-114.10783333333333,987.1434426229508,2013:08:11 15:07:02
IMG_4502.JPG,35.822833333333335,-114.10783333333333,987.1434426229508,2013:08:11 15:07:02
IMG_4503.JPG,36.011,-113.81166666666667,1424.7761194029852,2013:08:11 16:02:07
IMG_4504.JPG,36.011,-113.81116666666667,1452.0222222222221,2013:08:11 16:03:40
IMG_4505.JPG,36.011,-113.81116666666667,1452.0222222222221,2013:08:11 16:03:41
IMG_4506.JPG,36.011,-113.81116666666667,1451.7939393939394,2013:08:11 16:03:55
IMG_4507.JPG,36.011,-113.81116666666667,1451.7939393939394,2013:08:11 16:03:55
IMG_4508.JPG,36.011,-113.81116666666667,1450.7313432835822,2013:08:11 16:05:01
IMG_4509.JPG,36.011,-113.81116666666667,1450.7313432835822,2013:08:11 16:05:01
IMG_4510.JPG,36.011,-113.81116666666667,1450.718309859155,2013:08:11 16:05:10
IMG_4511.JPG,36.011,-113.81116666666667,1450.718309859155,2013:08:11 16:05:11
IMG_4512.JPG,36.030833333333334,-113.827,1459.5037037037036,2013:08:11 17:13:14
IMG_4513.JPG,36.030833333333334,-113.827,1459.5037037037036,2013:08:11 17:13:15
IMG_4514.JPG,36.030833333333334,-113.827,1459.5037037037036,2013:08:11 17:13:24
IMG_4515.JPG,36.030833333333334,-113.827,1459.5037037037036,2013:08:11 17:13:24
IMG_4516.JPG,36.030833333333334,-113.82683333333334,1461.109589041096,2013:08:11 17:14:02
IMG_4517.JPG,36.030833333333334,-113.82683333333334,1461.109589041096,2013:08:11 17:14:03
IMG_4518.JPG,36.032833333333336,-113.82516666666666,1428.4395604395604,2013:08:11 17:27:11
IMG_4519.JPG,36.032833333333336,-113.82516666666666,1428.4395604395604,2013:08:11 17:27:12
IMG_4520.JPG,36.032833333333336,-113.82516666666666,1428.4395604395604,2013:08:11 17:27:22
IMG_4521.JPG,36.032833333333336,-113.82516666666666,1428.4395604395604,2013:08:11 17:27:23
IMG_4522.JPG,36.032833333333336,-113.82516666666666,1431.4991452991453,2013:08:11 17:27:39
IMG_4523.JPG,36.032833333333336,-113.82516666666666,1431.4991452991453,2013:08:11 17:27:40
IMG_4525.JPG,36.032833333333336,-113.825,1439.0314960629921,2013:08:11 17:31:07
IMG_4527.JPG,36.032833333333336,-113.82516666666666,1435.9868421052631,2013:08:11 17:32:14
IMG_4528.JPG,36.032833333333336,-113.82516666666666,1435.4315789473685,2013:08:11 17:33:06
IMG_4529.JPG,36.032833333333336,-113.82516666666666,1435.4315789473685,2013:08:11 17:33:06
IMG_4530.JPG,36.032833333333336,-113.82516666666666,1434.9923076923078,2013:08:11 17:33:47
IMG_4531.JPG,36.032833333333336,-113.82516666666666,1434.986301369863,2013:08:11 17:33:47
IMG_4532.JPG,36.032833333333336,-113.82516666666666,1434.9466666666667,2013:08:11 17:34:08
IMG_4533.JPG,36.032833333333336,-113.82516666666666,1434.9466666666667,2013:08:11 17:34:08
IMG_4534.JPG,36.032833333333336,-113.82516666666666,1434.8867924528302,2013:08:11 17:34:49
IMG_4535.JPG,36.032833333333336,-113.82516666666666,1434.8867924528302,2013:08:11 17:34:49
IMG_4536.JPG,36.0325,-113.825,1436.592105263158,2013:08:11 17:36:00
IMG_4537.JPG,36.0325,-113.825,1436.592105263158,2013:08:11 17:36:00
IMG_4538.JPG,36.032333333333334,-113.82516666666666,1436.716049382716,2013:08:11 17:36:45
IMG_4539.JPG,36.032333333333334,-113.82516666666666,1436.716049382716,2013:08:11 17:36:45
IMG_4541.JPG,36.03183333333333,-113.82566666666666,1435.896551724138,2013:08:11 17:38:15
IMG_4543.JPG,36.125166666666665,-115.15416666666667,,2013:08:11 21:05:27
IMG_4545.JPG,,,,2013:08:11 21:06:12
IMG_4547.JPG,,,,2013:08:11 21:06:33
IMG_4549.JPG,,,,2013:08:11 21:06:42
IMG_4551.JPG,,,,2013:08:11 21:06:49
IMG_4553.JPG,,,,2013:08:11 21:07:08
IMG_4555.JPG,,,,2013:08:11 21:07:20
IMG_4557.JPG,,,,2013:08:11 21:07:27
IMG_4559.JPG,,,,2013:08:11 21:07:44
IMG_4560.JPG,,,,2013:08:11 21:07:54
IMG_4562.JPG,36.1095,-115.156,,2013:08:12 10:08:56
IMG_4563.JPG,36.11,-115.15383333333334,,2013:08:12 10:49:24
IMG_4564.JPG,36.11,-115.15383333333334,,2013:08:12 10:49:24
IMG_4568.JPG,36.10883333333334,-115.15383333333334,,2013:08:12 11:04:18
IMG_4570.JPG,36.10816666666667,-115.15483333333333,,2013:08:12 11:23:21
IMG_4571.JPG,36.10816666666667,-115.15483333333333,,2013:08:12 11:24:08
IMG_4572.JPG,36.10816666666667,-115.15483333333333,,2013:08:12 11:24:08
IMG_4574.JPG,36.10816666666667,-115.15483333333333,,2013:08:12 11:24:48
IMG_4576.JPG,36.10816666666667,-115.15483333333333,,2013:08:12 11:25:00
IMG_4578.JPG,36.10816666666667,-115.15483333333333,,2013:08:12 11:25:07
IMG_4580.JPG,36.110166666666665,-115.1545,,2013:08:12 12:14:52
IMG_4582.JPG,36.11066666666667,-115.155,630.9261744966443,2013:08:12 12:45:44
IMG_4584.JPG,36.1105,-115.15483333333333,618.5537190082645,2013:08:12 12:46:49
IMG_4586.JPG,36.1105,-115.15483333333333,618.8247422680413,2013:08:12 12:46:56
IMG_4588.JPG,36.1105,-115.15483333333333,625.0462962962963,2013:08:12 12:48:20
IMG_4590.JPG,36.1105,-115.15483333333333,626.6652173913044,2013:08:12 12:48:32
IMG_4592.JPG,36.11033333333334,-115.15466666666667,669.1395348837209,2013:08:12 12:53:53
IMG_4594.JPG,36.1105,-115.15466666666667,660.9076923076923,2013:08:12 12:57:59
IMG_4596.JPG,36.109833333333334,-115.15383333333334,653.1834319526628,2013:08:12 13:48:48
IMG_4598.JPG,36.1095,-115.15333333333334,644.1768292682926,2013:08:12 13:49:27
IMG_4600.JPG,36.10916666666667,-115.15316666666666,642.5061728395061,2013:08:12 13:49:57
IMG_4603.JPG,36.109,-115.153,637.4114285714286,2013:08:12 13:50:12
IMG_4605.JPG,36.11,-115.154,653.1333333333333,2013:08:12 13:50:44
IMG_4607.JPG,36.109833333333334,-115.15416666666667,658.5697674418604,2013:08:12 13:50:53
IMG_4610.JPG,36.109833333333334,-115.15416666666667,655.54,2013:08:12 13:51:08
IMG_4612.JPG,36.109833333333334,-115.15416666666667,655.2613636363636,2013:08:12 13:51:18
IMG_4613.JPG,36.109833333333334,-115.154,653.2429906542056,2013:08:12 13:51:38
IMG_4616.JPG,36.11,-115.15416666666667,661.0864197530864,2013:08:12 13:59:21
IMG_4617.MOV,,,,2013-08-12 20:59:43
IMG_4618.JPG,36.11033333333334,-115.15416666666667,671.9320388349514,2013:08:12 14:01:03
IMG_4620.JPG,36.110166666666665,-115.15433333333333,674.3688524590164,2013:08:12 14:01:43
IMG_4622.JPG,36.11,-115.15433333333333,674.5494505494505,2013:08:12 14:02:02
IMG_4624.JPG,36.110166666666665,-115.15416666666667,638.0444444444445,2013:08:12 14:04:07
IMG_4625.MOV,,,,2013-08-12 21:04:20
IMG_4627.JPG,36.109833333333334,-115.15416666666667,,2013:08:12 16:10:16
IMG_4629.JPG,36.109833333333334,-115.15416666666667,,2013:08:12 16:10:27
IMG_4630.JPG,36.109833333333334,-115.154,,2013:08:12 16:25:20
IMG_4631.JPG,36.109833333333334,-115.154,,2013:08:12 16:25:21
IMG_4635.JPG,36.109833333333334,-115.154,,2013:08:12 16:25:36
IMG_4636.JPG,36.11683333333333,-115.1655,,2013:08:12 17:32:37
IMG_4638.JPG,36.11683333333333,-115.1655,,2013:08:12 17:39:09
IMG_4640.JPG,36.11683333333333,-115.1655,,2013:08:12 17:39:22
IMG_4642.JPG,,,,2013:08:12 17:53:10
IMG_4644.JPG,,,,2013:08:12 17:53:45
IMG_4646.JPG,,,,2013:08:12 17:54:10
IMG_4648.MOV,,,,2013-08-13 00:55:42
IMG_4649.JPG,36.11683333333333,-115.1655,,2013:08:12 17:58:26
IMG_4650.JPG,36.11683333333333,-115.1655,,2013:08:12 17:58:27
IMG_4651.JPG,36.11683333333333,-115.1655,,2013:08:12 17:59:13
IMG_4652.JPG,36.11683333333333,-115.1655,,2013:08:12 17:59:13
IMG_4654.JPG,36.11683333333333,-115.1655,,2013:08:12 18:00:48
IMG_4656.JPG,36.11683333333333,-115.1655,,2013:08:12 18:02:45
IMG_4658.JPG,36.11683333333333,-115.1655,,2013:08:12 18:03:19
IMG_4660.JPG,36.11683333333333,-115.1655,,2013:08:12 18:03:37
IMG_4661.JPG,36.11683333333333,-115.1655,,2013:08:12 18:15:10
IMG_4662.JPG,36.11683333333333,-115.1655,,2013:08:12 18:15:10
IMG_4663.JPG,36.11683333333333,-115.1655,,2013:08:12 18:15:42
IMG_4664.JPG,36.113166666666665,-115.173,,2013:08:12 19:02:17
IMG_4665.JPG,36.113166666666665,-115.173,,2013:08:12 19:02:17
IMG_4666.JPG,36.113166666666665,-115.173,,2013:08:12 19:02:58
IMG_4667.JPG,36.113166666666665,-115.173,,2013:08:12 19:02:59
IMG_4668.JPG,36.115,-115.1725,643.1232876712329,2013:08:12 19:03:12
IMG_4669.JPG,36.115,-115.1725,643.1232876712329,2013:08:12 19:03:12
IMG_4670.JPG,36.113,-115.17266666666667,646.9326923076923,2013:08:12 19:07:52
IMG_4671.JPG,36.113,-115.17266666666667,646.9326923076923,2013:08:12 19:07:53
IMG_4672.JPG,36.112833333333334,-115.17266666666667,647.2021276595744,2013:08:12 19:08:13
IMG_4673.JPG,36.112833333333334,-115.17266666666667,647.2021276595744,2013:08:12 19:08:13
IMG_4674.JPG,36.11266666666667,-115.1725,647.0645161290323,2013:08:12 19:08:58
IMG_4675.JPG,36.11266666666667,-115.1725,647.069696969697,2013:08:12 19:08:59
IMG_4677.JPG,36.11266666666667,-115.1725,647.1263157894737,2013:08:12 19:11:38
IMG_4679.JPG,36.11683333333333,-115.1655,,2013:08:12 19:19:46
IMG_4680.JPG,36.113166666666665,-115.173,,2013:08:12 19:21:25
IMG_4681.JPG,36.113166666666665,-115.173,,2013:08:12 19:21:26
IMG_4682.JPG,36.1115,-115.17033333333333,641.9955947136564,2013:08:12 19:22:31
IMG_4683.JPG,36.1115,-115.1705,640.3453237410072,2013:08:12 19:22:31
IMG_4684.JPG,36.1115,-115.17266666666667,653.1470588235294,2013:08:12 19:22:55
IMG_4685.JPG,36.1115,-115.17266666666667,653.1470588235294,2013:08:12 19:22:56
IMG_4690.JPG,36.11183333333334,-115.1725,644.5095238095238,2013:08:12 19:34:53
IMG_4691.JPG,36.11183333333334,-115.1725,644.5095238095238,2013:08:12 19:34:53
IMG_4692.JPG,36.11066666666667,-115.17266666666667,649.9827586206897,2013:08:12 20:09:39
IMG_4693.JPG,36.10066666666667,-115.17266666666667,759.4545454545455,2013:08:12 20:50:25
IMG_4694.JPG,36.10066666666667,-115.17266666666667,759.4545454545455,2013:08:12 20:50:25
IMG_4695.JPG,36.1015,-115.17266666666667,642.6284722222222,2013:08:12 20:53:14
IMG_4696.JPG,36.10166666666667,-115.17266666666667,647.0916666666667,2013:08:12 20:53:14
IMG_4697.JPG,36.1115,-115.17333333333333,633.7594936708861,2013:08:12 22:42:59
IMG_4698.JPG,36.1115,-115.17333333333333,633.7594936708861,2013:08:12 22:42:59
IMG_4699.MOV,,,,2013-08-13 05:45:41
IMG_4700.JPG,36.1155,-115.17366666666666,,2013:08:12 23:19:23
IMG_4701.JPG,36.1155,-115.17366666666666,,2013:08:12 23:19:23
IMG_4702.JPG,36.11683333333333,-115.1655,,2013:08:12 23:23:50
IMG_4703.JPG,36.11683333333333,-115.1655,,2013:08:12 23:23:50
IMG_4704.JPG,36.11683333333333,-115.1655,,2013:08:12 23:24:58
IMG_4705.JPG,36.11683333333333,-115.1655,,2013:08:12 23:24:58
IMG_4706.JPG,36.120333333333335,-115.174,,2013:08:12 23:27:44
IMG_4707.JPG,36.120333333333335,-115.174,,2013:08:12 23:27:44
IMG_4708.JPG,36.120333333333335,-115.174,,2013:08:12 23:30:53
IMG_4709.JPG,36.120333333333335,-115.174,,2013:08:12 23:30:53
IMG_4710.JPG,36.1185,-115.17633333333333,649.4920634920635,2013:08:12 23:33:20
IMG_4711.JPG,36.11866666666667,-115.17633333333333,649.1087719298246,2013:08:12 23:33:20
IMG_4712.JPG,36.118833333333335,-115.17616666666666,648.4493670886076,2013:08:12 23:34:18
IMG_4713.JPG,36.118833333333335,-115.17616666666666,648.4493670886076,2013:08:12 23:34:18
IMG_4714.JPG,36.120333333333335,-115.174,,2013:08:12 23:43:53
IMG_4715.JPG,36.1185,-115.173,641.1653543307086,2013:08:12 23:47:40
IMG_4716.JPG,36.1185,-115.173,641.1653543307086,2013:08:12 23:47:40
IMG_4718.JPG,36.108333333333334,-115.15466666666667,,2013:08:13 01:27:06
IMG_4719.JPG,,,,
IMG_4721.JPG,36.169333333333334,-115.10733333333333,,2013:08:13 11:53:54
IMG_4723.JPG,36.11683333333333,-115.1655,,2013:08:13 12:17:43
IMG_4725.JPG,36.11683333333333,-115.1655,,2013:08:13 12:17:54
IMG_4727.JPG,,,,2013:08:13 15:20:36
IMG_4729.JPG,35.3695,-119.05283333333334,,2013:08:13 16:58:41
IMG_4731.JPG,35.39366666666667,-119.09516666666667,,2013:08:13 17:00:08
IMG_4734.JPG,36.53633333333333,-118.78216666666667,1316.3108108108108,2013:08:13 19:39:27
IMG_4735.JPG,36.53633333333333,-118.78216666666667,1318.0821917808219,2013:08:13 19:39:27
IMG_4736.JPG,36.53633333333333,-118.78233333333333,1324.3809523809523,2013:08:13 19:39:47
IMG_4737.JPG,36.53633333333333,-118.78233333333333,1324.516393442623,2013:08:13 19:39:47
IMG_4738.JPG,36.557833333333335,-118.784,1656.3382352941176,2013:08:13 19:54:53
IMG_4739.JPG,36.557833333333335,-118.784,1656.3382352941176,2013:08:13 19:54:53
IMG_4740.JPG,36.557833333333335,-118.784,1656.3382352941176,2013:08:13 19:55:03
IMG_4741.JPG,36.55583333333333,-118.77933333333333,1876.4754098360656,2013:08:13 19:58:00
IMG_4742.JPG,36.55583333333333,-118.77933333333333,1875.0119047619048,2013:08:13 19:58:08
IMG_4743.JPG,36.55583333333333,-118.77933333333333,1875.0119047619048,2013:08:13 19:58:09
IMG_4744.JPG,36.55583333333333,-118.77933333333333,1867.132075471698,2013:08:13 19:58:48
IMG_4745.JPG,36.55583333333333,-118.77933333333333,1867.132075471698,2013:08:13 19:58:48
IMG_4746.JPG,36.55583333333333,-118.77933333333333,1866.4657534246576,2013:08:13 19:58:56
IMG_4747.JPG,36.55583333333333,-118.77933333333333,1859.8958333333333,2013:08:13 19:59:11
IMG_4748.JPG,36.55583333333333,-118.77916666666667,1854.8392857142858,2013:08:13 20:00:10
IMG_4749.JPG,36.55583333333333,-118.77916666666667,1854.7301587301588,2013:08:13 20:00:11
IMG_4750.JPG,36.55583333333333,-118.77916666666667,1852.7651515151515,2013:08:13 20:00:20
IMG_4751.JPG,36.55583333333333,-118.77916666666667,1852.7651515151515,2013:08:13 20:00:20
IMG_4752.JPG,36.55583333333333,-118.7795,1803.9567901234568,2013:08:13 20:02:32
IMG_4753.JPG,36.55583333333333,-118.7795,1803.9567901234568,2013:08:13 20:02:32
IMG_4754.JPG,36.55583333333333,-118.7795,1803.9567901234568,2013:08:13 20:03:27
IMG_4755.JPG,36.55583333333333,-118.7795,1803.9567901234568,2013:08:13 20:03:28
IMG_4756.JPG,36.55583333333333,-118.7795,1848.837837837838,2013:08:13 20:03:52
IMG_4757.JPG,36.55583333333333,-118.7795,1848.837837837838,2013:08:13 20:03:53
IMG_4758.JPG,36.352333333333334,-119.47966666666667,,2013:08:13 20:14:23
IMG_4761.JPG,36.56433333333333,-118.773,1938.7428571428572,2013:08:13 20:14:57
IMG_4762.JPG,36.5645,-118.7735,1996.4423076923076,2013:08:13 20:17:57
IMG_4763.JPG,36.5645,-118.77333333333333,1985.1653543307086,2013:08:13 20:18:08
IMG_4764.JPG,36.58683333333333,-118.75216666666667,2131.429203539823,2013:08:13 20:37:27
IMG_4768.JPG,36.963166666666666,-120.06383333333333,96.51971326164875,2013:08:14 08:50:57
IMG_4769.JPG,37.934,-122.42783333333334,28.524229074889867,2013:08:14 12:11:19
IMG_4770.JPG,37.934,-122.42783333333334,28.524229074889867,2013:08:14 12:11:20
IMG_4771.JPG,37.934333333333335,-122.43,14.677379480840544,2013:08:14 12:11:30
IMG_4772.JPG,37.934333333333335,-122.43,14.677379480840544,2013:08:14 12:11:30
IMG_4773.JPG,37.935,-122.44316666666667,57.723768736616705,2013:08:14 12:12:12
IMG_4774.JPG,37.935,-122.44316666666667,57.723768736616705,2013:08:14 12:12:12
IMG_4775.JPG,37.835,-122.4845,118.21095334685599,2013:08:14 12:41:48
IMG_4776.JPG,37.835,-122.4845,118.21095334685599,2013:08:14 12:41:48
IMG_4777.JPG,37.8315,-122.48383333333334,76.15316901408451,2013:08:14 12:44:18
IMG_4778.JPG,37.8315,-122.484,76.66440677966102,2013:08:14 12:44:19
IMG_4779.JPG,37.82816666666667,-122.49783333333333,229.76331360946745,2013:08:14 12:50:02
IMG_4780.JPG,37.82816666666667,-122.49783333333333,229.76331360946745,2013:08:14 12:50:03
IMG_4781.JPG,37.82816666666667,-122.49783333333333,241.2970297029703,2013:08:14 12:50:24
IMG_4782.JPG,37.82816666666667,-122.49783333333333,241.2970297029703,2013:08:14 12:50:25
IMG_4783.JPG,37.82816666666667,-122.49766666666666,237.9788732394366,2013:08:14 12:51:45
IMG_4784.JPG,37.82816666666667,-122.49766666666666,237.9788732394366,2013:08:14 12:51:45
IMG_4785.JPG,37.831833333333336,-122.49633333333334,194.30143540669857,2013:08:14 12:53:58
IMG_4786.JPG,37.831833333333336,-122.49633333333334,194.30143540669857,2013:08:14 12:53:59
IMG_4787.JPG,37.829,-122.48616666666666,202.02542372881356,2013:08:14 12:57:22
IMG_4788.JPG,37.829,-122.48616666666666,202.02542372881356,2013:08:14 12:57:22
IMG_4789.JPG,37.82866666666666,-122.486,138.42556917688268,2013:08:14 12:57:47
IMG_4790.JPG,37.82866666666666,-122.486,138.42556917688268,2013:08:14 12:57:47
IMG_4791.JPG,37.828833333333336,-122.48616666666666,137.7472375690608,2013:08:14 12:58:52
IMG_4792.JPG,37.828833333333336,-122.48616666666666,137.7472375690608,2013:08:14 12:58:52
IMG_4793.JPG,37.82866666666666,-122.486,137.86732186732186,2013:08:14 12:59:08
IMG_4794.JPG,37.82866666666666,-122.486,137.86732186732186,2013:08:14 12:59:08
IMG_4795.JPG,37.82866666666666,-122.486,137.6824512534819,2013:08:14 13:00:34
IMG_4796.JPG,37.82866666666666,-122.486,137.6824512534819,2013:08:14 13:00:34
IMG_4797.JPG,37.82866666666666,-122.486,137.36354056902002,2013:08:14 13:01:22
IMG_4798.JPG,37.82866666666666,-122.486,137.36354056902002,2013:08:14 13:01:22
IMG_4799.JPG,37.828833333333336,-122.48216666666667,122.24528301886792,2013:08:14 13:06:58
IMG_4800.JPG,37.828833333333336,-122.48216666666667,122.24528301886792,2013:08:14 13:06:58
IMG_4801.JPG,37.829,-122.48216666666667,137.7644927536232,2013:08:14 13:07:06
IMG_4802.JPG,37.829,-122.48216666666667,137.7644927536232,2013:08:14 13:07:06
IMG_4803.JPG,37.827666666666666,-122.4815,137.52649006622516,2013:08:14 13:10:10
IMG_4804.JPG,37.827666666666666,-122.4815,137.52649006622516,2013:08:14 13:10:10
IMG_4805.JPG,37.827666666666666,-122.48133333333334,137.53365384615384,2013:08:14 13:10:17
IMG_4806.JPG,37.827666666666666,-122.48133333333334,137.53365384615384,2013:08:14 13:10:17
IMG_4807.JPG,37.827666666666666,-122.4815,137.44978165938863,2013:08:14 13:10:48
IMG_4808.JPG,37.827666666666666,-122.4815,137.44982698961937,2013:08:14 13:10:48
IMG_4809.JPG,37.827666666666666,-122.4815,137.4438202247191,2013:08:14 13:11:14
IMG_4810.JPG,37.827666666666666,-122.4815,137.44174757281553,2013:08:14 13:11:14
IMG_4811.JPG,37.827666666666666,-122.4815,137.36727272727273,2013:08:14 13:11:22
IMG_4812.JPG,37.827666666666666,-122.4815,137.36727272727273,2013:08:14 13:11:23
IMG_4814.JPG,37.827666666666666,-122.48133333333334,136.32269503546098,2013:08:14 13:12:18
IMG_4815.JPG,37.827666666666666,-122.48133333333334,136.13688212927758,2013:08:14 13:12:49
IMG_4816.JPG,37.827666666666666,-122.48133333333334,136.13688212927758,2013:08:14 13:12:49
IMG_4817.JPG,37.827666666666666,-122.48133333333334,136.21546961325967,2013:08:14 13:12:55
IMG_4818.JPG,37.827666666666666,-122.48133333333334,136.21546961325967,2013:08:14 13:12:56
IMG_4819.JPG,37.827666666666666,-122.48133333333334,135.32293986636972,2013:08:14 13:15:12
IMG_4820.JPG,37.827666666666666,-122.48133333333334,135.32293986636972,2013:08:14 13:15:13
IMG_4821.JPG,37.82983333333333,-122.47983333333333,136.56810631229237,2013:08:14 13:24:12
IMG_4822.JPG,37.82983333333333,-122.47983333333333,136.56810631229237,2013:08:14 13:24:12
IMG_4823.JPG,37.8285,-122.47966666666667,96.440329218107,2013:08:14 13:24:20
IMG_4824.JPG,37.8285,-122.47966666666667,96.440329218107,2013:08:14 13:24:20
IMG_4825.JPG,37.82633333333333,-122.4795,89.13468013468014,2013:08:14 13:24:31
IMG_4826.JPG,37.82633333333333,-122.4795,89.13468013468014,2013:08:14 13:24:32
IMG_4827.JPG,37.825,-122.47933333333333,84.90393013100437,2013:08:14 13:24:38
IMG_4828.JPG,37.825,-122.47933333333333,84.90393013100437,2013:08:14 13:24:39
IMG_4829.JPG,37.82216666666667,-122.47883333333333,86.45985401459853,2013:08:14 13:24:53
IMG_4830.JPG,37.82216666666667,-122.47883333333333,86.45985401459853,2013:08:14 13:24:53
IMG_4831.JPG,37.81733333333333,-122.47833333333334,84.66216216216216,2013:08:14 13:25:20
IMG_4832.JPG,37.81733333333333,-122.47833333333334,84.66216216216216,2013:08:14 13:25:20
IMG_4833.JPG,37.81583333333333,-122.47816666666667,83.98196392785572,2013:08:14 13:25:30
IMG_4834.PNG,,,,
IMG_4835.JPG,37.78766666666667,-122.408,,2013:08:14 16:39:00
IMG_4836.JPG,37.78766666666667,-122.408,,2013:08:14 16:39:00
IMG_4837.JPG,37.78766666666667,-122.408,,2013:08:14 16:39:08
IMG_4838.JPG,37.78766666666667,-122.408,,2013:08:14 16:39:09
IMG_4840.JPG,37.78033333333333,-122.39933333333333,1.28080176535491,2013:08:14 18:12:42
IMG_4842.JPG,37.79116666666667,-122.41066666666667,,2013:08:14 18:32:15
IMG_4844.JPG,37.7875,-122.391,92.45982142857143,2013:08:14 18:32:54
IMG_4846.JPG,37.7875,-122.391,51.58912386706949,2013:08:14 18:33:09
IMG_4847.JPG,37.78966666666667,-122.38866666666667,17.008219178082193,2013:08:14 18:38:56
IMG_4848.JPG,37.78966666666667,-122.38866666666667,17.008219178082193,2013:08:14 18:38:57
IMG_4850.JPG,37.789833333333334,-122.38833333333334,0.0,2013:08:14 18:42:33
IMG_4851.JPG,37.78966666666667,-122.38833333333334,4.561370716510903,2013:08:14 18:42:50
IMG_4852.JPG,37.78966666666667,-122.38833333333334,4.561370716510903,2013:08:14 18:42:50
IMG_4854.JPG,37.78966666666667,-122.38833333333334,3.624221453287197,2013:08:14 18:43:57
IMG_4856.JPG,37.781,-122.38783333333333,0.0,2013:08:14 19:02:04
IMG_4858.JPG,37.781,-122.38766666666666,0.0,2013:08:14 19:02:49
IMG_4860.JPG,37.78,-122.38933333333334,5.450917797286512,2013:08:14 19:10:58
IMG_4862.JPG,37.778,-122.39166666666667,102.71189979123173,2013:08:14 19:19:37
IMG_4864.JPG,37.777833333333334,-122.3915,160.97707736389685,2013:08:14 19:19:54
IMG_4866.JPG,37.778,-122.3915,,2013:08:14 19:37:08
IMG_4867.JPG,37.788666666666664,-122.40766666666667,87.81902985074628,2013:08:14 20:50:38
IMG_4869.JPG,,,,
IMG_4870.JPG,37.82383333333333,-122.416,,2013:08:15 12:23:51
IMG_4871.JPG,37.82383333333333,-122.416,,2013:08:15 12:23:51
IMG_4872.JPG,37.82383333333333,-122.416,,2013:08:15 12:24:08
IMG_4873.JPG,37.82383333333333,-122.416,,2013:08:15 12:24:08
IMG_4874.JPG,37.82383333333333,-122.416,,2013:08:15 12:25:03
IMG_4875.JPG,37.82383333333333,-122.416,,2013:08:15 12:25:03
IMG_4876.JPG,37.82383333333333,-122.416,,2013:08:15 12:25:33
IMG_4877.JPG,37.82383333333333,-122.416,,2013:08:15 12:25:33
IMG_4878.JPG,37.82383333333333,-122.416,,2013:08:15 12:55:27
IMG_4879.JPG,37.82383333333333,-122.416,,2013:08:15 12:55:28
IMG_4880.JPG,37.76433333333333,-122.51066666666667,12.565872020075282,2013:08:15 13:27:00
IMG_4881.JPG,37.76433333333333,-122.51066666666667,12.565872020075282,2013:08:15 13:27:00
IMG_4882.JPG,37.76466666666666,-122.51066666666667,8.23003003003003,2013:08:15 13:27:36
IMG_4883.JPG,37.76466666666666,-122.51066666666667,8.220424671385238,2013:08:15 13:27:36
IMG_4884.JPG,37.765,-122.51083333333334,4.9725631768953065,2013:08:15 13:28:39
IMG_4885.JPG,37.765,-122.51083333333334,4.9725631768953065,2013:08:15 13:28:39
IMG_4886.JPG,37.765,-122.51083333333334,4.64192,2013:08:15 13:29:05
IMG_4887.JPG,37.76416666666667,-122.42566666666667,,2013:08:15 14:05:15
IMG_4888.JPG,37.7625,-122.433,31.03676470588235,2013:08:15 15:51:31
IMG_4889.JPG,37.7625,-122.433,31.03676470588235,2013:08:15 15:51:31
IMG_4890.JPG,37.7625,-122.433,31.246648793565683,2013:08:15 15:51:40
IMG_4891.JPG,37.7625,-122.433,31.246648793565683,2013:08:15 15:51:41
IMG_4892.JPG,37.76416666666667,-122.43016666666666,28.207906295754025,2013:08:15 15:59:50
IMG_4893.JPG,37.766,-122.42666666666666,25.0325,2013:08:15 16:43:01
IMG_4894.JPG,37.766,-122.42666666666666,25.0325,2013:08:15 16:43:01
IMG_4895.JPG,37.766,-122.42666666666666,24.97865168539326,2013:08:15 16:43:14
IMG_4896.JPG,37.767833333333336,-122.4265,20.519565217391303,2013:08:15 16:47:24
IMG_4897.JPG,37.767833333333336,-122.4265,20.519565217391303,2013:08:15 16:47:24
IMG_4898.JPG,37.769666666666666,-122.426,36.74794520547945,2013:08:15 16:51:24
IMG_4899.JPG,37.800666666666665,-122.42933333333333,10.91963545981773,2013:08:15 17:42:19
IMG_4900.JPG,37.800666666666665,-122.42933333333333,10.91963545981773,2013:08:15 17:42:19
IMG_4901.JPG,37.801833333333335,-122.42066666666666,64.10103626943005,2013:08:15 17:44:29
IMG_4902.JPG,37.801833333333335,-122.42066666666666,64.32982456140351,2013:08:15 17:44:30
IMG_4903.JPG,37.802,-122.42,39.584375,2013:08:15 17:49:21
IMG_4904.JPG,37.802,-122.42,39.584375,2013:08:15 17:49:21
IMG_4905.JPG,37.802,-122.4195,57.6496062992126,2013:08:15 17:49:47
IMG_4906.JPG,37.802,-122.4195,57.6496062992126,2013:08:15 17:49:47
IMG_4907.JPG,37.802,-122.41933333333333,57.74306569343066,2013:08:15 17:49:55
IMG_4908.JPG,37.802,-122.41933333333333,57.74306569343066,2013:08:15 17:49:55
IMG_4909.JPG,37.802,-122.41933333333333,57.172214182344426,2013:08:15 17:50:06
IMG_4910.JPG,37.802,-122.41933333333333,57.172214182344426,2013:08:15 17:50:06
IMG_4911.JPG,37.802166666666665,-122.41816666666666,45.704166666666666,2013:08:15 17:51:45
IMG_4912.JPG,37.802166666666665,-122.41816666666666,45.704166666666666,2013:08:15 17:51:46
IMG_4913.JPG,37.78966666666667,-122.4085,,2013:08:15 18:06:08
IMG_4914.JPG,37.79116666666667,-122.41066666666667,,2013:08:15 18:11:53
IMG_4915.JPG,37.80733333333333,-122.40566666666666,0.0,2013:08:15 18:21:08
IMG_4916.JPG,37.80733333333333,-122.40566666666666,0.0,2013:08:15 18:21:09
IMG_4917.JPG,37.808166666666665,-122.41083333333333,18.52805534204458,2013:08:15 18:31:32
IMG_4918.JPG,37.808166666666665,-122.41083333333333,18.52805534204458,2013:08:15 18:31:33
IMG_4919.JPG,37.808166666666665,-122.41066666666667,7.47179203539823,2013:08:15 18:37:16
IMG_4920.JPG,37.808166666666665,-122.41066666666667,7.47179203539823,2013:08:15 18:37:17
IMG_4921.JPG,37.80733333333333,-122.40566666666666,0.0,2013:08:15 20:59:53
IMG_4922.JPG,37.80733333333333,-122.40566666666666,0.0,2013:08:15 21:00:20
IMG_4923.JPG,37.80733333333333,-122.40566666666666,0.0,2013:08:15 21:00:25
IMG_4924.JPG,37.80733333333333,-122.40566666666666,0.0,2013:08:15 21:00:27
IMG_4925.JPG,37.8095,-122.41,18.961990950226244,2013:08:15 21:01:09
IMG_4926.JPG,37.8095,-122.41,18.961990950226244,2013:08:15 21:01:11
IMG_4927.JPG,37.8095,-122.41,13.777011494252873,2013:08:15 21:01:12
IMG_4928.JPG,37.8095,-122.40983333333334,9.191925102399063,2013:08:15 21:39:40
IMG_4929.JPG,37.8095,-122.40983333333334,9.191925102399063,2013:08:15 21:39:40
IMG_4930.JPG,37.809666666666665,-122.41033333333333,11.170457902511078,2013:08:15 21:39:49
IMG_4931.JPG,37.809666666666665,-122.41033333333333,11.170457902511078,2013:08:15 21:39:50
IMG_4932.JPG,37.778333333333336,-122.3915,,2013:08:15 22:51:22
IMG_4933.JPG,37.778333333333336,-122.3915,,2013:08:15 22:51:22
IMG_4934.JPG,37.62866666666667,-122.40066666666667,28.823655913978495,2013:08:15 23:19:45
IMG_4935.JPG,37.62866666666667,-122.40066666666667,28.823655913978495,2013:08:15 23:19:45
